id;data_inversa;dia_semana;horario;uf;br;km;municipio;causa_acidente;tipo_acidente;classificacao_acidente;fase_dia;sentido_via;condicao_metereologica;tipo_pista;tracado_via;uso_solo;pessoas;veiculos
83305741;2015-01-19;Segunda;09:45:00;SP;116;222.0;GUARULHOS;Outras;Queda de motocicleta / bicicleta / veículo;Com Vítimas Feridas;Pleno dia;Decrescente;Ceu Claro;Múltipla;Reta;Urbano;2;1
83305781;2015-01-19;Segunda;11:20:00;SP;116;123.0;CACAPAVA;Não guardar distância de segurança;Colisão traseira;Sem Vítimas;Pleno dia;Decrescente;Ceu Claro;Dupla;Reta;Urbano;3;3
83305825;2015-01-19;Segunda;14:05:00;SP;116;227.9;SAO PAULO;Outras;Colisão traseira;Sem Vítimas;Pleno dia;Decrescente;Sol;Múltipla;Reta;Urbano;2;2
83305829;2015-01-15;Quinta;10:00:00;SP;116;209.9;GUARULHOS;Outras;Colisão traseira;Sem Vítimas;Pleno dia;Crescente;Sol;Múltipla;Reta;Urbano;2;2
83305831;2015-01-11;Domingo;11:30:00;SP;116;220.0;GUARULHOS;Outras;Colisão com objeto fixo;Sem Vítimas;Pleno dia;Decrescente;Sol;Múltipla;Reta;Urbano;1;1
83305997;2015-01-09;Sexta;17:30:00;SP;116;160.0;JACAREI;Não guardar distância de segurança;Colisão traseira;Sem Vítimas;Pleno dia;Decrescente;Ceu Claro;Simples;Reta;Urbano;2;2
83306031;2015-01-12;Segunda;15:40:00;SP;116;210.0;GUARULHOS;Não guardar distância de segurança;Colisão traseira;Sem Vítimas;Pleno dia;Crescente;Sol;Simples;Reta;Urbano;2;2
83306036;2015-01-16;Sexta;16:45:00;SP;116;106.0;TAUBATE;Outras;Colisão lateral;Sem Vítimas;Pleno dia;Crescente;Sol;Múltipla;Reta;Urbano;2;2
83306071;2015-01-16;Sexta;15:30:00;SP;116;112.6;TAUBATE;Falta de atenção;Colisão traseira;Com Vítimas Feridas;Pleno dia;Crescente;Ceu Claro;Dupla;Reta;Urbano;5;5
83306085;2015-01-16;Sexta;15:45:00;SP;116;105.0;TAUBATE;Não guardar distância de segurança;Colisão traseira;Sem Vítimas;Pleno dia;Crescente;Ceu Claro;Dupla;Reta;Rural;2;2
83306091;2015-01-06;Terça;09:30:00;SP;116;165.0;JACAREI;Não guardar distância de segurança;Colisão traseira;Sem Vítimas;Pleno dia;Crescente;Ceu Claro;Dupla;Reta;Rural;2;2
83306113;2015-01-16;Sexta;17:00:00;SP;116;105.5;TAUBATE;Outras;Colisão traseira;Sem Vítimas;Pleno dia;Decrescente;Ceu Claro;Dupla;Reta;Rural;2;2
83306115;2015-01-16;Sexta;13:35:00;SP;116;219.0;GUARULHOS;Não guardar distância de segurança;Queda de motocicleta / bicicleta / veículo;Com Vítimas Feridas;Pleno dia;Decrescente;Sol;Múltipla;Reta;Urbano;1;1
83306122;2015-01-20;Terça;08:57:00;SP;116;99.0;PINDAMONHANGABA;Falta de atenção;Tombamento;Sem Vítimas;Pleno dia;Crescente;Sol;Simples;Curva;Urbano;1;1
83306152;2015-01-16;Sexta;16:50:00;SP;116;104.7;TAUBATE;Outras;Colisão traseira;Com Vítimas Feridas;Pleno dia;Crescente;Ceu Claro;Múltipla;Reta;Rural;4;3
83306199;2015-01-16;Sexta;18:05:00;SP;116;154.0;SAO JOSE DOS CAMPOS;Falta de atenção;Colisão traseira;Com Vítimas Feridas;Pleno dia;Decrescente;Ceu Claro;Dupla;Reta;Urbano;7;4
83306225;2015-01-16;Sexta;18:00:00;SP;116;115.4;TAUBATE;Não guardar distância de segurança;Colisão traseira;Sem Vítimas;Pleno dia;Decrescente;Ceu Claro;Dupla;Reta;Urbano;7;7
83306257;2015-01-16;Sexta;17:00:00;SP;116;115.2;TAUBATE;Não guardar distância de segurança;Colisão traseira;Sem Vítimas;Pleno dia;Decrescente;Sol;Dupla;Reta;Urbano;2;2
83306286;2015-01-20;Terça;17:50:00;SP;116;224.0;GUARULHOS;Não guardar distância de segurança;Colisão lateral;Com Vítimas Feridas;Pleno dia;Decrescente;Ceu Claro;Múltipla;Reta;Urbano;2;2
83306295;2015-01-16;Sexta;12:10:00;SP;116;228.0;SAO PAULO;Outras;Colisão traseira;Com Vítimas Feridas;Pleno dia;Crescente;Sol;Múltipla;Reta;Urbano;3;3
83306311;2015-01-16;Sexta;16:50:00;SP;116;113.2;TAUBATE;Não guardar distância de segurança;Colisão traseira;Com Vítimas Feridas;Pleno dia;Crescente;Sol;Dupla;Reta;Urbano;4;2
83306362;2015-01-19;Segunda;11:00:00;SP;116;219.0;GUARULHOS;Outras;Colisão traseira;Sem Vítimas;Pleno dia;Crescente;Ceu Claro;Múltipla;Reta;Urbano;2;2
83306378;2015-01-16;Sexta;08:10:00;SP;116;117.4;TAUBATE;Outras;Colisão com objeto fixo;Com Vítimas Feridas;Pleno dia;Crescente;Sol;Dupla;Reta;Urbano;3;1
83306385;2015-01-19;Segunda;17:02:00;SP;116;215.0;GUARULHOS;Outras;Colisão lateral;Com Vítimas Feridas;Pleno dia;Decrescente;Ceu Claro;Múltipla;Reta;Urbano;2;2
83306421;2015-01-15;Quinta;17:45:00;SP;116;226.0;GUARULHOS;Outras;Colisão lateral;Sem Vítimas;Pleno dia;Decrescente;Sol;Múltipla;Reta;Urbano;2;2
83306423;2015-01-19;Segunda;15:00:00;SP;116;223.0;GUARULHOS;Outras;Saída de Pista;Sem Vítimas;Pleno dia;Decrescente;Sol;Dupla;Reta;Urbano;1;1
83306560;2015-01-17;Sábado;22:20:00;SP;116;160.0;JACAREI;Ingestão de álcool;Colisão com bicicleta;Com Vítimas Feridas;Plena noite;Decrescente;Ceu Claro;Dupla;Reta;Urbano;5;5
83306562;2015-01-21;Quarta;09:55:00;SP;116;146.0;SAO JOSE DOS CAMPOS;Falta de atenção;Colisão traseira;Sem Vítimas;Pleno dia;Crescente;Sol;Dupla;Reta;Urbano;2;2
83306592;2015-01-18;Domingo;05:00:00;SP;116;148.0;SAO JOSE DOS CAMPOS;Falta de atenção;Capotamento;Sem Vítimas;Plena noite;Crescente;Ceu Claro;Múltipla;Reta;Urbano;1;1
83306612;2015-01-21;Quarta;14:39:00;SP;116;124.9;CACAPAVA;Não guardar distância de segurança;Queda de motocicleta / bicicleta / veículo;Com Vítimas Feridas;Pleno dia;Decrescente;Ceu Claro;Dupla;Reta;Urbano;1;1
83306632;2015-01-21;Quarta;15:10:00;SP;116;149.5;SAO JOSE DOS CAMPOS;Não guardar distância de segurança;Colisão traseira;Sem Vítimas;Pleno dia;Decrescente;Sol;Múltipla;Reta;Urbano;3;3
83306713;2015-01-21;Quarta;10:35:00;SP;116;144.0;SAO JOSE DOS CAMPOS;Não guardar distância de segurança;Colisão lateral;Sem Vítimas;Pleno dia;Decrescente;Ceu Claro;Dupla;Reta;Urbano;2;2
83306758;2015-01-18;Domingo;17:30:00;SP;116;147.0;SAO JOSE DOS CAMPOS;Outras;Colisão lateral;Sem Vítimas;Pleno dia;Decrescente;Sol;Dupla;Reta;Urbano;2;2
83306806;2015-01-21;Quarta;16:45:00;SP;116;218.0;GUARULHOS;Falta de atenção;Queda de motocicleta / bicicleta / veículo;Com Vítimas Feridas;Pleno dia;Decrescente;Nublado;Múltipla;Reta;Urbano;2;2
83306966;2015-01-22;Quinta;08:50:00;SP;116;220.0;GUARULHOS;Outras;Queda de motocicleta / bicicleta / veículo;Com Vítimas Feridas;Pleno dia;Crescente;Nublado;Múltipla;Reta;Urbano;1;1
83307063;2015-01-22;Quinta;08:40:00;SP;116;213.0;GUARULHOS;Falta de atenção;Colisão traseira;Com Vítimas Feridas;Pleno dia;Crescente;Chuva;Dupla;Reta;Urbano;5;3
83307066;2015-01-22;Quinta;10:00:00;SP;116;202.6;ARUJA;Outras;Colisão com objeto fixo;Sem Vítimas;Pleno dia;Crescente;Chuva;Dupla;Curva;Urbano;1;1
83307073;2015-01-22;Quinta;07:10:00;SP;116;229.0;SAO PAULO;Outras;Queda de motocicleta / bicicleta / veículo;Com Vítimas Feridas;Amanhecer;Crescente;Nublado;Múltipla;Reta;Urbano;2;2
83307120;2015-01-22;Quinta;16:25:00;SP;116;118.8;TAUBATE;Não guardar distância de segurança;Colisão traseira;Sem Vítimas;Pleno dia;Crescente;Nublado;Dupla;Reta;Rural;3;3
83307144;2015-01-22;Quinta;16:00:00;SP;116;211.5;GUARULHOS;Defeito na via;Colisão lateral;Sem Vítimas;Pleno dia;Crescente;Sol;Múltipla;Reta;Urbano;2;2
83307175;2015-01-22;Quinta;10:00:00;SP;116;224.0;GUARULHOS;Outras;Colisão traseira;Sem Vítimas;Pleno dia;Decrescente;Ceu Claro;Múltipla;Reta;Urbano;2;2
83307283;2015-01-23;Sexta;02:40:00;SP;116;125.0;CACAPAVA;Não guardar distância de segurança;Colisão lateral;Sem Vítimas;Plena noite;Decrescente;Nublado;Dupla;Reta;Rural;2;2
83307289;2015-01-22;Quinta;20:01:00;SP;116;124.0;TAUBATE;Falta de atenção;Colisão com objeto fixo;Sem Vítimas;Anoitecer;Crescente;Ignorada;Dupla;Reta;Rural;2;2
83307384;2015-01-12;Segunda;06:35:00;SP;116;214.0;GUARULHOS;Outras;Colisão traseira;Sem Vítimas;Amanhecer;Crescente;Ceu Claro;Múltipla;Reta;Urbano;2;2
83307402;2015-01-17;Sábado;18:30:00;SP;116;220.0;GUARULHOS;Não guardar distância de segurança;Colisão lateral;Com Vítimas Feridas;Pleno dia;Crescente;Ceu Claro;Múltipla;Reta;Urbano;3;2
83307421;2015-01-23;Sexta;13:30:00;SP;116;144.3;SAO JOSE DOS CAMPOS;Falta de atenção;Colisão lateral;Sem Vítimas;Pleno dia;Decrescente;Ceu Claro;Dupla;Reta;Urbano;2;2
83307423;2015-01-21;Quarta;09:40:00;SP;116;211.5;GUARULHOS;Falta de atenção;Colisão traseira;Com Vítimas Feridas;Pleno dia;Decrescente;Nublado;Múltipla;Reta;Urbano;3;2
83307429;2015-01-19;Segunda;12:45:00;SP;116;228.0;SAO PAULO;Outras;Queda de motocicleta / bicicleta / veículo;Sem Vítimas;Pleno dia;Crescente;Ceu Claro;Múltipla;Reta;Urbano;1;1
83307435;2015-01-22;Quinta;06:30:00;SP;116;217.8;GUARULHOS;Não guardar distância de segurança;Colisão lateral;Com Vítimas Feridas;Amanhecer;Crescente;Nublado;Múltipla;Reta;Urbano;2;2
83307461;2015-01-21;Quarta;07:30:00;SP;116;216.0;GUARULHOS;Não guardar distância de segurança;Colisão traseira;Sem Vítimas;Pleno dia;Crescente;Ceu Claro;Múltipla;Reta;Urbano;3;3
83307564;2015-01-23;Sexta;08:40:00;SP;116;200.0;ARUJA;Defeito mecânico em veículo;Tombamento;Sem Vítimas;Pleno dia;Decrescente;Ceu Claro;Dupla;Reta;Urbano;1;1
83307585;2015-01-07;Quarta;22:30:00;SP;116;219.7;GUARULHOS;Outras;Colisão traseira;Sem Vítimas;Plena noite;Decrescente;Nublado;Múltipla;Reta;Urbano;3;3
83307743;2015-01-24;Sábado;00:25:00;SP;116;212.1;GUARULHOS;Defeito mecânico em veículo;Colisão lateral;Sem Vítimas;Plena noite;Decrescente;Chuva;Múltipla;Reta;Urbano;2;2
83307750;2015-01-24;Sábado;01:30:00;SP;116;220.0;GUARULHOS;Outras;Capotamento;Sem Vítimas;Plena noite;Crescente;Ceu Claro;Múltipla;Reta;Urbano;1;1
83307753;2015-01-23;Sexta;09:00:00;SP;116;229.0;SAO PAULO;Falta de atenção;Colisão traseira;Ignorado;Pleno dia;Crescente;Sol;Múltipla;Reta;Urbano;2;2
83307780;2015-01-20;Terça;17:30:00;SP;116;115.1;TAUBATE;Não guardar distância de segurança;Colisão traseira;Sem Vítimas;Pleno dia;Decrescente;Ceu Claro;Dupla;Reta;Urbano;2;2
83307799;2015-01-20;Terça;17:00:00;SP;116;218.6;GUARULHOS;Outras;Danos Eventuais;Sem Vítimas;Pleno dia;Crescente;Sol;Múltipla;Reta;Urbano;1;1
83307874;2015-01-20;Terça;11:40:00;SP;116;210.0;GUARULHOS;Outras;Colisão traseira;Sem Vítimas;Pleno dia;Crescente;Ceu Claro;Múltipla;Reta;Urbano;3;3
83307904;2015-01-24;Sábado;09:07:00;SP;116;199.0;ARUJA;Outras;Colisão com objeto fixo;Sem Vítimas;Pleno dia;Crescente;Ceu Claro;Dupla;Reta;Rural;1;1
83307942;2015-01-24;Sábado;15:30:00;SP;116;228.0;SAO PAULO;Não guardar distância de segurança;Colisão traseira;Sem Vítimas;Pleno dia;Decrescente;Chuva;Múltipla;Reta;Urbano;2;2
83307950;2015-01-20;Terça;19:45:00;SP;116;225.0;GUARULHOS;Outras;Colisão lateral;Com Vítimas Feridas;Anoitecer;Decrescente;Ceu Claro;Múltipla;Reta;Urbano;2;2
83308013;2015-01-24;Sábado;00:30:00;SP;116;224.0;GUARULHOS;Outras;Colisão lateral;Sem Vítimas;Plena noite;Decrescente;Nublado;Múltipla;Reta;Urbano;2;2
83308020;2015-01-24;Sábado;19:40:00;SP;116;209.0;GUARULHOS;Não guardar distância de segurança;Colisão traseira;Sem Vítimas;Anoitecer;Crescente;Ceu Claro;Dupla;Reta;Urbano;2;2
83308077;2015-01-24;Sábado;22:00:00;SP;116;151.0;SAO JOSE DOS CAMPOS;Outras;Colisão lateral;Sem Vítimas;Plena noite;Crescente;Ceu Claro;Dupla;Reta;Urbano;2;2
83308163;2015-01-11;Domingo;15:00:00;SP;116;224.7;GUARULHOS;Outras;Colisão lateral;Sem Vítimas;Pleno dia;Crescente;Nublado;Simples;Reta;Urbano;2;2
83308182;2015-01-15;Quinta;10:30:00;SP;116;228.0;SAO PAULO;Outras;Colisão traseira;Sem Vítimas;Pleno dia;Crescente;Nublado;Simples;Reta;Urbano;2;2
83308193;2015-01-22;Quinta;08:00:00;SP;116;157.0;SAO JOSE DOS CAMPOS;Não guardar distância de segurança;Colisão traseira;Com Vítimas Feridas;Pleno dia;Decrescente;Ceu Claro;Dupla;Reta;Urbano;3;3
83308224;2015-01-24;Sábado;05:30:00;SP;116;225.0;GUARULHOS;Falta de atenção;Colisão traseira;Sem Vítimas;Plena noite;Decrescente;Nublado;Simples;Reta;Urbano;2;2
83308225;2015-01-23;Sexta;15:35:00;SP;116;149.5;SAO JOSE DOS CAMPOS;Falta de atenção;Colisão traseira;Sem Vítimas;Pleno dia;Decrescente;Nublado;Múltipla;Reta;Urbano;3;3
83308277;2015-01-21;Quarta;10:00:00;SP;116;144.0;SAO JOSE DOS CAMPOS;Defeito mecânico em veículo;Tombamento;Sem Vítimas;Pleno dia;Decrescente;Sol;Dupla;Reta;Urbano;1;1
83308282;2015-01-21;Quarta;21:40:00;SP;116;220.0;GUARULHOS;Outras;Colisão traseira;Com Vítimas Feridas;Plena noite;Decrescente;Nublado;Múltipla;Reta;Urbano;4;3
83308303;2015-01-25;Domingo;13:10:00;SP;116;113.0;TAUBATE;Outras;Incêndio;Com Vítimas Feridas;Pleno dia;Crescente;Ceu Claro;Dupla;Reta;Urbano;3;1
83308304;2015-01-21;Quarta;09:50:00;SP;116;217.0;GUARULHOS;Falta de atenção;Colisão lateral;Sem Vítimas;Pleno dia;Decrescente;Sol;Múltipla;Reta;Urbano;2;2
83308338;2015-01-22;Quinta;06:15:00;SP;116;165.0;JACAREI;Não guardar distância de segurança;Colisão traseira;Sem Vítimas;Pleno dia;Decrescente;Ceu Claro;Múltipla;Reta;Rural;2;2
83308339;2015-01-22;Quinta;06:00:00;SP;116;229.0;SAO PAULO;Não guardar distância de segurança;Colisão traseira;Sem Vítimas;Amanhecer;Crescente;Chuva;Múltipla;Reta;Urbano;2;2
83308359;2015-01-25;Domingo;16:20:00;SP;116;216.0;GUARULHOS;Velocidade incompatível;Colisão com objeto fixo;Sem Vítimas;Pleno dia;Decrescente;Sol;Múltipla;Reta;Urbano;1;1
83308402;2015-01-25;Domingo;17:45:00;SP;116;144.6;SAO JOSE DOS CAMPOS;Outras;Saída de Pista;Sem Vítimas;Pleno dia;Decrescente;Chuva;Múltipla;Reta;Urbano;1;1
83308473;2015-01-25;Domingo;19:17:00;SP;116;204.0;ARUJA;Falta de atenção;Colisão lateral;Sem Vítimas;Anoitecer;Crescente;Sol;Múltipla;Reta;Urbano;2;2
83308478;2015-01-25;Domingo;18:40:00;SP;116;212.0;GUARULHOS;Outras;Colisão lateral;Sem Vítimas;Pleno dia;Crescente;Ceu Claro;Múltipla;Reta;Urbano;2;2
83308488;2015-01-25;Domingo;15:10:00;SP;116;225.0;GUARULHOS;Outras;Colisão traseira;Sem Vítimas;Pleno dia;Decrescente;Ceu Claro;Múltipla;Reta;Urbano;4;4
83308624;2015-01-16;Sexta;17:50:00;SP;116;224.0;GUARULHOS;Não guardar distância de segurança;Colisão traseira;Sem Vítimas;Pleno dia;Decrescente;Ceu Claro;Simples;Reta;Urbano;3;3
83308639;2015-01-26;Segunda;08:30:00;SP;116;151.8;SAO JOSE DOS CAMPOS;Falta de atenção;Colisão traseira;Sem Vítimas;Pleno dia;Decrescente;Nublado;Simples;Reta;Urbano;2;2
83308837;2015-01-26;Segunda;17:40:00;SP;116;148.8;SAO JOSE DOS CAMPOS;Falta de atenção;Colisão traseira;Sem Vítimas;Pleno dia;Crescente;Nublado;Simples;Reta;Urbano;3;3
83308847;2015-01-26;Segunda;17:40:00;SP;116;213.0;GUARULHOS;Não guardar distância de segurança;Colisão lateral;Sem Vítimas;Pleno dia;Decrescente;Nublado;Múltipla;Reta;Urbano;2;2
83308949;2015-01-22;Quinta;19:00:00;SP;116;204.0;ARUJA;Falta de atenção;Colisão traseira;Sem Vítimas;Plena noite;Crescente;Nublado;Múltipla;Reta;Urbano;2;2
83308951;2015-01-26;Segunda;18:25:00;SP;116;216.0;GUARULHOS;Outras;Colisão traseira;Com Vítimas Feridas;Pleno dia;Crescente;Nublado;Múltipla;Reta;Urbano;3;2
83309075;2015-01-23;Sexta;20:50:00;SP;116;105.8;TAUBATE;Outras;Colisão com objeto móvel;Com Vítimas Feridas;Plena noite;Decrescente;Ceu Claro;Dupla;Reta;Urbano;4;2
83309076;2015-01-23;Sexta;23:00:00;SP;116;101.2;PINDAMONHANGABA;Outras;Colisão com objeto móvel;Sem Vítimas;Plena noite;Decrescente;Nublado;Dupla;Reta;Urbano;1;1
83309146;2015-01-23;Sexta;20:50:00;SP;116;105.8;TAUBATE;Outras;Colisão com objeto móvel;Sem Vítimas;Plena noite;Decrescente;Ceu Claro;Dupla;Reta;Urbano;1;1
83309179;2015-01-11;Domingo;11:30:00;SP;116;196.0;ARUJA;Outras;Queda de motocicleta / bicicleta / veículo;Com Vítimas Feridas;Pleno dia;Decrescente;Ceu Claro;Simples;Reta;Urbano;1;1
83309189;2015-01-24;Sábado;00:30:00;SP;116;223.0;GUARULHOS;Outras;Colisão traseira;Com Vítimas Feridas;Plena noite;Decrescente;Ceu Claro;Múltipla;Reta;Urbano;3;3
83309216;2015-01-27;Terça;10:50:00;SP;116;149.0;SAO JOSE DOS CAMPOS;Falta de atenção;Colisão traseira;Com Vítimas Feridas;Pleno dia;Decrescente;Sol;Múltipla;Reta;Urbano;2;2
83309217;2015-01-23;Sexta;13:00:00;SP;116;221.0;GUARULHOS;Não guardar distância de segurança;Colisão traseira;Sem Vítimas;Pleno dia;Decrescente;Ceu Claro;Múltipla;Reta;Urbano;2;2
83309259;2015-01-19;Segunda;18:18:00;SP;116;149.0;SAO JOSE DOS CAMPOS;Não guardar distância de segurança;Colisão traseira;Sem Vítimas;Pleno dia;Decrescente;Ceu Claro;Simples;Reta;Urbano;2;2
83309274;2015-01-23;Sexta;18:40:00;SP;116;155.0;SAO JOSE DOS CAMPOS;Não guardar distância de segurança;Colisão traseira;Sem Vítimas;Plena noite;Crescente;Ceu Claro;Dupla;Reta;Urbano;2;2
83309331;2015-01-27;Terça;18:00:00;SP;116;157.4;SAO JOSE DOS CAMPOS;Não guardar distância de segurança;Colisão traseira;Com Vítimas Feridas;Pleno dia;Crescente;Ceu Claro;Dupla;Reta;Urbano;3;2
83309347;2015-01-27;Terça;09:00:00;SP;116;130.1;CACAPAVA;Falta de atenção;Colisão traseira;Sem Vítimas;Pleno dia;Crescente;Ceu Claro;Dupla;Reta;Urbano;2;2
83309351;2015-01-27;Terça;18:10:00;SP;116;135.0;SAO JOSE DOS CAMPOS;Falta de atenção;Colisão lateral;Sem Vítimas;Plena noite;Crescente;Chuva;Dupla;Reta;Urbano;2;2
83309379;2015-01-23;Sexta;13:00:00;SP;116;138.8;SAO JOSE DOS CAMPOS;Defeito mecânico em veículo;Queda de motocicleta / bicicleta / veículo;Com Vítimas Feridas;Pleno dia;Crescente;Ceu Claro;Dupla;Reta;Rural;1;1
83309398;2015-01-27;Terça;10:00:00;SP;116;142.0;SAO JOSE DOS CAMPOS;Outras;Saída de Pista;Sem Vítimas;Pleno dia;Decrescente;Ceu Claro;Dupla;Reta;Urbano;1;1
83309439;2015-01-27;Terça;14:10:00;SP;116;225.0;GUARULHOS;Outras;Colisão traseira;Sem Vítimas;Pleno dia;Crescente;Ceu Claro;Múltipla;Reta;Urbano;3;3
83309496;2015-01-23;Sexta;18:30:00;SP;116;225.0;GUARULHOS;Outras;Colisão com objeto fixo;Sem Vítimas;Pleno dia;Decrescente;Chuva;Múltipla;Reta;Urbano;2;2
83309498;2015-01-07;Quarta;15:05:00;SP;116;213.0;GUARULHOS;Outras;Capotamento;Com Vítimas Feridas;Pleno dia;Crescente;Nublado;Simples;Reta;Urbano;2;1
83309563;2015-01-25;Domingo;05:50:00;SP;116;146.0;SAO JOSE DOS CAMPOS;Outras;Colisão traseira;Sem Vítimas;Plena noite;Crescente;Ceu Claro;Múltipla;Reta;Urbano;2;2
83309565;2015-01-25;Domingo;01:00:00;SP;116;106.3;TAUBATE;Não guardar distância de segurança;Colisão com objeto fixo;Sem Vítimas;Plena noite;Crescente;Ceu Claro;Dupla;Reta;Urbano;2;2
83309571;2015-01-28;Quarta;07:50:00;SP;116;106.0;TAUBATE;Outras;Capotamento;Com Vítimas Feridas;Pleno dia;Crescente;Ceu Claro;Dupla;Reta;Urbano;1;1
83309576;2015-01-28;Quarta;12:30:00;SP;116;146.0;SAO JOSE DOS CAMPOS;Falta de atenção;Colisão lateral;Sem Vítimas;Pleno dia;Crescente;Ceu Claro;Múltipla;Reta;Urbano;2;2
83309578;2015-01-27;Terça;13:28:00;SP;116;112.7;TAUBATE;Falta de atenção;Colisão traseira;Sem Vítimas;Pleno dia;Crescente;Ceu Claro;Dupla;Reta;Urbano;2;2
83309603;2015-01-28;Quarta;08:30:00;SP;116;113.0;TAUBATE;Falta de atenção;Colisão lateral;Com Vítimas Feridas;Pleno dia;Crescente;Ceu Claro;Dupla;Reta;Urbano;4;3
83309608;2015-01-25;Domingo;04:00:00;SP;116;109.6;TAUBATE;Não guardar distância de segurança;Colisão traseira;Com Vítimas Feridas;Plena noite;Decrescente;Nublado;Dupla;Reta;Urbano;2;2
83309738;2015-01-28;Quarta;15:25:00;SP;116;213.0;GUARULHOS;Outras;Colisão traseira;Sem Vítimas;Pleno dia;Decrescente;Ceu Claro;Múltipla;Reta;Urbano;2;2
83309865;2015-01-24;Sábado;17:00:00;SP;116;222.0;GUARULHOS;Não guardar distância de segurança;Colisão traseira;Com Vítimas Feridas;Pleno dia;Crescente;Ceu Claro;Simples;Reta;Urbano;2;2
83309888;2015-01-22;Quinta;17:30:00;SP;116;107.0;TAUBATE;Não guardar distância de segurança;Colisão traseira;Sem Vítimas;Pleno dia;Decrescente;Chuva;Simples;Reta;Rural;3;3
83309950;2015-01-28;Quarta;17:25:00;SP;116;158.4;JACAREI;Falta de atenção;Colisão traseira;Sem Vítimas;Pleno dia;Decrescente;Ceu Claro;Dupla;Reta;Urbano;2;2
83309957;2015-01-25;Domingo;19:15:00;SP;116;107.0;TAUBATE;Outras;Tombamento;Sem Vítimas;Anoitecer;Crescente;Chuva;Dupla;Reta;Urbano;1;1
83310015;2015-01-25;Domingo;18:10:00;SP;116;106.0;TAUBATE;Outras;Colisão traseira;Sem Vítimas;Anoitecer;Crescente;Chuva;Dupla;Reta;Urbano;3;3
83310063;2015-01-29;Quinta;10:45:00;SP;116;114.0;TAUBATE;Não guardar distância de segurança;Colisão traseira;Com Vítimas Feridas;Pleno dia;Crescente;Ceu Claro;Dupla;Reta;Urbano;4;2
83310110;2015-01-25;Domingo;01:20:00;SP;116;108.8;TAUBATE;Outras;Colisão com objeto fixo;Ignorado;Plena noite;Crescente;Nublado;Dupla;Reta;Urbano;1;1
83310140;2015-01-29;Quinta;15:00:00;SP;116;167.0;JACAREI;Falta de atenção;Colisão traseira;Sem Vítimas;Pleno dia;Crescente;Ceu Claro;Dupla;Reta;Rural;2;2
83310218;2015-01-09;Sexta;11:26:00;SP;116;168.1;JACAREI;Defeito mecânico em veículo;Incêndio;Sem Vítimas;Pleno dia;Crescente;Sol;Dupla;Reta;Rural;1;1
83310344;2015-01-27;Terça;18:40:00;SP;116;148.2;SAO JOSE DOS CAMPOS;Falta de atenção;Colisão traseira;Sem Vítimas;Pleno dia;Decrescente;Ceu Claro;Múltipla;Reta;Urbano;3;3
83310350;2015-01-22;Quinta;15:30:00;SP;116;182.0;GUARAREMA;Não guardar distância de segurança;Colisão traseira;Sem Vítimas;Pleno dia;Decrescente;Ceu Claro;Múltipla;Reta;Rural;2;2
83310372;2015-01-30;Sexta;08:40:00;SP;116;147.0;SAO JOSE DOS CAMPOS;Falta de atenção;Colisão lateral;Sem Vítimas;Pleno dia;Crescente;Ceu Claro;Dupla;Reta;Rural;2;2
83310475;2015-01-30;Sexta;12:20:00;SP;116;222.0;GUARULHOS;Ingestão de álcool;Atropelamento de pessoa;Com Vítimas Feridas;Pleno dia;Decrescente;Nublado;Dupla;Reta;Urbano;2;1
83310583;2015-01-30;Sexta;03:45:00;SP;116;179.0;GUARAREMA;Velocidade incompatível;Colisão traseira;Com Vítimas Feridas;Plena noite;Crescente;Ceu Claro;Simples;Reta;Rural;3;2
83310706;2015-01-30;Sexta;21:50:00;SP;116;219.9;GUARULHOS;Outras;Colisão lateral;Com Vítimas Feridas;Plena noite;Decrescente;Nublado;Múltipla;Reta;Urbano;2;2
83310754;2015-01-30;Sexta;23:00:00;SP;116;219.0;GUARULHOS;Outras;Colisão traseira;Sem Vítimas;Plena noite;Decrescente;Chuva;Múltipla;Reta;Urbano;2;2
83311026;2015-01-31;Sábado;17:30:00;SP;116;121.3;CACAPAVA;Outras;Colisão lateral;Sem Vítimas;Pleno dia;Crescente;Chuva;Dupla;Reta;Rural;2;2
83311084;2015-01-31;Sábado;14:39:00;SP;116;107.0;TAUBATE;Falta de atenção;Colisão com objeto fixo;Com Vítimas Feridas;Pleno dia;Decrescente;Sol;Dupla;Curva;Rural;4;1
83311155;2015-01-31;Sábado;17:00:00;SP;116;121.2;CACAPAVA;Não guardar distância de segurança;Colisão traseira;Com Vítimas Feridas;Pleno dia;Crescente;Chuva;Dupla;Reta;Rural;2;2