id;data_inversa;dia_semana;horario;uf;br;km;municipio;causa_acidente;tipo_acidente;classificacao_acidente;fase_dia;sentido_via;condicao_metereologica;tipo_pista;tracado_via;uso_solo;pessoas;veiculos
83311179;2015-01-31;Sábado;22:30:00;SP;116;182.0;SANTA ISABEL;Falta de atenção;Colisão traseira;Sem Vítimas;Plena noite;Decrescente;Ceu Claro;Múltipla;Reta;Rural;3;3
83311273;2015-01-24;Sábado;14:30:00;SP;116;201.0;ARUJA;Outras;Colisão com objeto fixo;Sem Vítimas;Pleno dia;Crescente;Chuva;Dupla;Reta;Urbano;1;1
83311286;2015-01-24;Sábado;22:00:00;SP;116;218.8;GUARULHOS;Ingestão de álcool;Colisão Transversal;Sem Vítimas;Plena noite;Crescente;Nublado;Múltipla;Reta;Urbano;2;2
83311353;2015-02-01;Domingo;18:00:00;SP;116;219.0;GUARULHOS;Outras;Queda de motocicleta / bicicleta / veículo;Com Vítimas Feridas;Pleno dia;Decrescente;Chuva;Múltipla;Curva;Urbano;2;1
83311437;2015-01-28;Quarta;06:30:00;SP;116;219.0;GUARULHOS;Não guardar distância de segurança;Colisão traseira;Sem Vítimas;Amanhecer;Decrescente;Ignorada;Múltipla;Reta;Urbano;4;4
83311606;2015-01-29;Quinta;07:30:00;SP;116;159.0;SAO JOSE DOS CAMPOS;Outras;Colisão traseira;Sem Vítimas;Pleno dia;Decrescente;Ceu Claro;Dupla;Reta;Urbano;6;6
83311644;2015-01-29;Quinta;22:10:00;SP;116;218.5;GUARULHOS;Desobediência à sinalização;Tombamento;Sem Vítimas;Plena noite;Crescente;Ceu Claro;Dupla;Curva;Urbano;2;2
83311645;2015-02-02;Segunda;11:50:00;SP;116;229.0;SAO PAULO;Falta de atenção;Colisão lateral;Com Vítimas Feridas;Pleno dia;Crescente;Nublado;Múltipla;Reta;Urbano;2;2
83311646;2015-02-02;Segunda;13:00:00;SP;116;192.0;SANTA ISABEL;Outras;Colisão lateral;Sem Vítimas;Pleno dia;Crescente;Chuva;Dupla;Reta;Rural;2;2
83311716;2015-02-02;Segunda;17:10:00;SP;116;153.0;SAO JOSE DOS CAMPOS;Não guardar distância de segurança;Colisão traseira;Sem Vítimas;Pleno dia;Crescente;Nublado;Simples;Reta;Urbano;2;2
83311736;2015-02-02;Segunda;11:40:00;SP;116;210.0;GUARULHOS;Não guardar distância de segurança;Colisão traseira;Sem Vítimas;Pleno dia;Crescente;Nublado;Múltipla;Reta;Urbano;3;3
83311761;2015-02-01;Domingo;01:30:00;SP;116;213.0;GUARULHOS;Outras;Capotamento;Sem Vítimas;Plena noite;Decrescente;Ceu Claro;Múltipla;Reta;Urbano;1;1
83311777;2015-01-30;Sexta;02:00:00;SP;116;203.0;ARUJA;Dormindo;Colisão traseira;Sem Vítimas;Plena noite;Crescente;Ceu Claro;Dupla;Reta;Rural;2;2
83311778;2015-02-02;Segunda;14:15:00;SP;116;102.4;PINDAMONHANGABA;Não guardar distância de segurança;Colisão traseira;Sem Vítimas;Pleno dia;Crescente;Chuva;Dupla;Reta;Urbano;3;3
83311782;2015-02-02;Segunda;16:00:00;SP;116;102.0;PINDAMONHANGABA;Outras;Colisão com objeto fixo;Sem Vítimas;Pleno dia;Crescente;Chuva;Dupla;Reta;Urbano;1;1
83311801;2015-02-02;Segunda;18:59:00;SP;116;218.0;GUARULHOS;Outras;Colisão lateral;Com Vítimas Feridas;Anoitecer;Decrescente;Chuva;Múltipla;Reta;Urbano;2;2
83311819;2015-01-26;Segunda;16:20:00;SP;116;151.0;SAO JOSE DOS CAMPOS;Outras;Colisão lateral;Com Vítimas Feridas;Pleno dia;Crescente;Chuva;Dupla;Reta;Urbano;3;3
83311828;2015-02-02;Segunda;16:05:00;SP;116;101.5;PINDAMONHANGABA;Outras;Colisão com objeto fixo;Com Vítimas Feridas;Pleno dia;Crescente;Chuva;Dupla;Reta;Rural;3;3
83311927;2015-02-02;Segunda;18:00:00;SP;116;174.0;GUARAREMA;Outras;Colisão lateral;Sem Vítimas;Pleno dia;Crescente;Ceu Claro;Dupla;Reta;Rural;2;2
83311931;2015-01-31;Sábado;05:00:00;SP;116;148.0;SAO JOSE DOS CAMPOS;Dormindo;Colisão traseira;Sem Vítimas;Plena noite;Decrescente;Nublado;Dupla;Reta;Urbano;3;3
83311986;2015-01-24;Sábado;01:20:00;SP;116;198.0;ARUJA;Outras;Colisão com objeto fixo;Ignorado;Plena noite;Decrescente;Nublado;Dupla;Reta;Rural;1;1
83311992;2015-02-03;Terça;08:50:00;SP;116;134.0;CACAPAVA;Falta de atenção;Colisão traseira;Sem Vítimas;Pleno dia;Decrescente;Ceu Claro;Dupla;Reta;Rural;2;2
83311995;2015-02-03;Terça;08:00:00;SP;116;216.7;GUARULHOS;Não guardar distância de segurança;Colisão traseira;Sem Vítimas;Pleno dia;Crescente;Nublado;Múltipla;Reta;Urbano;3;3
83312034;2015-02-03;Terça;10:00:00;SP;116;220.0;GUARULHOS;Outras;Colisão com objeto móvel;Sem Vítimas;Pleno dia;Crescente;Ceu Claro;Múltipla;Reta;Urbano;1;1
83312159;2015-01-26;Segunda;16:49:00;SP;116;184.0;SANTA ISABEL;Outras;Tombamento;Sem Vítimas;Pleno dia;Decrescente;Chuva;Dupla;Reta;Rural;1;1
83312205;2015-02-03;Terça;17:25:00;SP;116;113.5;TAUBATE;Não guardar distância de segurança;Colisão traseira;Com Vítimas Feridas;Pleno dia;Decrescente;Ceu Claro;Dupla;Reta;Urbano;2;2
83312218;2015-02-03;Terça;13:45:00;SP;116;220.0;GUARULHOS;Ingestão de álcool;Colisão lateral;Sem Vítimas;Pleno dia;Crescente;Ceu Claro;Múltipla;Reta;Urbano;2;2
83312343;2015-02-03;Terça;16:00:00;SP;116;210.0;GUARULHOS;Não guardar distância de segurança;Colisão traseira;Sem Vítimas;Pleno dia;Crescente;Ceu Claro;Múltipla;Reta;Urbano;2;2
83312377;2015-01-27;Terça;19:30:00;SP;116;136.4;SAO JOSE DOS CAMPOS;Outras;Colisão lateral;Sem Vítimas;Pleno dia;Crescente;Chuva;Dupla;Reta;Urbano;2;2
83312403;2015-01-31;Sábado;19:50:00;SP;116;211.8;GUARULHOS;Outras;Colisão traseira;Sem Vítimas;Plena noite;Crescente;Nublado;Múltipla;Reta;Urbano;2;2
83312541;2015-02-01;Domingo;08:30:00;SP;116;171.4;JACAREI;Outras;Saída de Pista;Com Vítimas Feridas;Pleno dia;Decrescente;Nublado;Dupla;Curva;Rural;1;1
83312547;2015-01-11;Domingo;15:00:00;SP;116;146.0;SAO JOSE DOS CAMPOS;Falta de atenção;Colisão lateral;Sem Vítimas;Pleno dia;Decrescente;Ceu Claro;Dupla;Reta;Urbano;2;2
83312604;2015-02-04;Quarta;15:30:00;SP;116;166.8;JACAREI;Não guardar distância de segurança;Colisão traseira;Sem Vítimas;Pleno dia;Crescente;Chuva;Dupla;Reta;Urbano;2;2
83312805;2015-01-28;Quarta;20:10:00;SP;116;212.0;GUARULHOS;Ultrapassagem indevida;Capotamento;Sem Vítimas;Plena noite;Decrescente;Nublado;Múltipla;Reta;Urbano;1;1
83312857;2015-01-28;Quarta;15:20:00;SP;116;207.5;GUARULHOS;Outras;Colisão traseira;Com Vítimas Feridas;Pleno dia;Crescente;Ceu Claro;Simples;Reta;Urbano;3;2
83312870;2015-01-29;Quinta;17:15:00;SP;116;155.9;SAO JOSE DOS CAMPOS;Velocidade incompatível;Colisão traseira;Sem Vítimas;Pleno dia;Crescente;Ceu Claro;Dupla;Reta;Urbano;2;2
83312902;2015-02-05;Quinta;09:40:00;SP;116;165.0;JACAREI;Falta de atenção;Colisão traseira;Sem Vítimas;Pleno dia;Decrescente;Nublado;Dupla;Reta;Rural;2;2
83312936;2015-02-01;Domingo;18:10:00;SP;116;210.5;GUARULHOS;Não guardar distância de segurança;Colisão traseira;Sem Vítimas;Pleno dia;Crescente;Sol;Dupla;Reta;Urbano;3;3
83312955;2015-02-05;Quinta;11:00:00;SP;116;148.0;SAO JOSE DOS CAMPOS;Falta de atenção;Colisão com objeto fixo;Sem Vítimas;Pleno dia;Crescente;Nublado;Simples;Reta;Urbano;1;1
83312986;2015-02-03;Terça;14:40:00;SP;116;220.0;GUARULHOS;Defeito mecânico em veículo;Incêndio;Sem Vítimas;Pleno dia;Crescente;Nublado;Múltipla;Reta;Urbano;1;1
83312989;2015-02-05;Quinta;13:00:00;SP;116;125.3;CACAPAVA;Falta de atenção;Danos Eventuais;Sem Vítimas;Pleno dia;Crescente;Chuva;Dupla;Reta;Rural;1;1
83313102;2015-02-05;Quinta;18:40:00;SP;116;229.5;SAO PAULO;Outras;Colisão traseira;Com Vítimas Feridas;Pleno dia;Crescente;Chuva;Múltipla;Reta;Urbano;2;2
83313116;2015-01-29;Quinta;18:20:00;SP;116;217.0;GUARULHOS;Outras;Colisão frontal;Com Vítimas Feridas;Anoitecer;Decrescente;Sol;Múltipla;Reta;Urbano;2;2
83313154;2015-01-24;Sábado;18:40:00;SP;116;215.0;GUARULHOS;Outras;Colisão traseira;Sem Vítimas;Anoitecer;Crescente;Ceu Claro;Múltipla;Reta;Urbano;2;2
83313165;2015-02-05;Quinta;19:00:00;SP;116;212.0;GUARULHOS;Falta de atenção;Queda de motocicleta / bicicleta / veículo;Com Vítimas Feridas;Plena noite;Decrescente;Nublado;Múltipla;Reta;Urbano;1;1
83313249;2015-02-06;Sexta;05:10:00;SP;116;144.2;SAO JOSE DOS CAMPOS;Falta de atenção;Queda de motocicleta / bicicleta / veículo;Com Vítimas Feridas;Amanhecer;Crescente;Ceu Claro;Dupla;Reta;Urbano;1;1
83313283;2015-02-03;Terça;21:15:00;SP;116;180.2;GUARAREMA;Outras;Capotamento;Com Vítimas Feridas;Plena noite;Crescente;Chuva;Dupla;Reta;Rural;1;1
83313321;2015-02-06;Sexta;10:50:00;SP;116;150.0;SAO JOSE DOS CAMPOS;Não guardar distância de segurança;Colisão traseira;Sem Vítimas;Pleno dia;Decrescente;Ceu Claro;Múltipla;Reta;Urbano;2;2
83313323;2015-02-06;Sexta;10:10:00;SP;116;150.4;SAO JOSE DOS CAMPOS;Não guardar distância de segurança;Colisão traseira;Sem Vítimas;Pleno dia;Decrescente;Sol;Múltipla;Reta;Urbano;3;3
83313338;2015-02-03;Terça;06:30:00;SP;116;223.9;GUARULHOS;Falta de atenção;Colisão traseira;Sem Vítimas;Amanhecer;Crescente;Nublado;Múltipla;Reta;Urbano;4;4
83313339;2015-02-02;Segunda;21:20:00;SP;116;217.0;GUARULHOS;Falta de atenção;Colisão traseira;Sem Vítimas;Plena noite;Decrescente;Ceu Claro;Múltipla;Reta;Urbano;3;3
83313385;2015-02-06;Sexta;14:30:00;SP;116;147.3;SAO JOSE DOS CAMPOS;Falta de atenção;Colisão lateral;Sem Vítimas;Pleno dia;Crescente;Ceu Claro;Dupla;Reta;Urbano;2;2
83313389;2015-02-02;Segunda;22:00:00;SP;116;211.0;GUARULHOS;Ingestão de álcool;Colisão traseira;Com Vítimas Feridas;Plena noite;Crescente;Ceu Claro;Múltipla;Reta;Urbano;2;2
83313408;2015-02-06;Sexta;17:00:00;SP;116;152.2;SAO JOSE DOS CAMPOS;Não guardar distância de segurança;Colisão traseira;Sem Vítimas;Pleno dia;Crescente;Chuva;Dupla;Reta;Urbano;2;2
83313455;2015-02-06;Sexta;18:10:00;SP;116;154.8;SAO JOSE DOS CAMPOS;Outras;Colisão com objeto fixo;Sem Vítimas;Pleno dia;Decrescente;Chuva;Dupla;Reta;Urbano;1;1
83313456;2015-02-06;Sexta;14:00:00;SP;116;211.0;GUARULHOS;Defeito mecânico em veículo;Colisão com objeto fixo;Sem Vítimas;Pleno dia;Crescente;Chuva;Múltipla;Reta;Urbano;1;1
83313520;2015-02-06;Sexta;16:50:00;SP;116;102.0;PINDAMONHANGABA;Velocidade incompatível;Colisão com objeto fixo;Sem Vítimas;Pleno dia;Crescente;Chuva;Dupla;Reta;Urbano;1;1
83313536;2015-02-06;Sexta;17:05:00;SP;116;101.5;PINDAMONHANGABA;Ingestão de álcool;Colisão com objeto fixo;Sem Vítimas;Pleno dia;Crescente;Chuva;Dupla;Reta;Rural;1;1
83313713;2015-02-06;Sexta;13:30:00;SP;116;191.0;SANTA ISABEL;Outras;Capotamento;Com Vítimas Feridas;Pleno dia;Decrescente;Nublado;Dupla;Curva;Rural;2;1
83313714;2015-01-31;Sábado;06:50:00;SP;116;131.5;CACAPAVA;Não guardar distância de segurança;Colisão traseira;Sem Vítimas;Amanhecer;Crescente;Ceu Claro;Dupla;Reta;Urbano;2;2
83313765;2015-02-07;Sábado;09:30:00;SP;116;146.0;SAO JOSE DOS CAMPOS;Falta de atenção;Colisão lateral;Sem Vítimas;Pleno dia;Crescente;Nublado;Dupla;Reta;Rural;2;2
83313780;2015-02-05;Quinta;08:45:00;SP;116;227.0;SAO PAULO;Não guardar distância de segurança;Colisão traseira;Sem Vítimas;Pleno dia;Crescente;Chuva;Múltipla;Reta;Urbano;2;2
83313793;2015-02-07;Sábado;10:15:00;SP;116;204.0;ARUJA;Falta de atenção;Colisão com objeto fixo;Sem Vítimas;Pleno dia;Decrescente;Ceu Claro;Múltipla;Reta;Rural;2;2
83313798;2015-02-05;Quinta;03:45:00;SP;116;168.7;JACAREI;Dormindo;Colisão traseira;Sem Vítimas;Plena noite;Crescente;Nublado;Dupla;Reta;Urbano;2;2
83313890;2015-02-07;Sábado;13:30:00;SP;116;219.0;GUARULHOS;Outras;Colisão traseira;Sem Vítimas;Pleno dia;Decrescente;Ceu Claro;Múltipla;Reta;Urbano;2;2
83314023;2015-02-07;Sábado;18:10:00;SP;116;225.0;GUARULHOS;Não guardar distância de segurança;Colisão traseira;Com Vítimas Feridas;Pleno dia;Decrescente;Chuva;Múltipla;Reta;Urbano;3;3
83314036;2015-02-07;Sábado;10:25:00;SP;116;225.0;GUARULHOS;Ingestão de álcool;Colisão lateral;Com Vítimas Feridas;Plena noite;Decrescente;Ceu Claro;Múltipla;Reta;Urbano;5;2
83314052;2015-02-07;Sábado;23:00:00;SP;116;131.0;CACAPAVA;Ingestão de álcool;Colisão traseira;Com Vítimas Feridas;Plena noite;Crescente;Ceu Claro;Dupla;Reta;Urbano;3;2
83314183;2015-02-02;Segunda;19:00:00;SP;116;217.0;GUARULHOS;Outras;Tombamento;Com Vítimas Feridas;Plena noite;Decrescente;Ceu Claro;Múltipla;Reta;Urbano;1;1
83314270;2015-02-08;Domingo;15:30:00;SP;116;215.1;GUARULHOS;Outras;Saída de Pista;Sem Vítimas;Pleno dia;Crescente;Ceu Claro;Múltipla;Reta;Urbano;1;1
83314308;2015-02-08;Domingo;17:10:00;SP;116;188.0;SANTA ISABEL;Falta de atenção;Capotamento;Com Vítimas Feridas;Pleno dia;Decrescente;Chuva;Simples;Curva;Urbano;5;1
83314587;2015-02-05;Quinta;10:40:00;SP;116;197.0;ARUJA;Não guardar distância de segurança;Colisão traseira;Sem Vítimas;Pleno dia;Decrescente;Chuva;Dupla;Reta;Urbano;2;2
83314643;2015-02-05;Quinta;13:30:00;SP;116;205.0;ARUJA;Não guardar distância de segurança;Colisão lateral;Com Vítimas Feridas;Pleno dia;Decrescente;Nublado;Simples;Reta;Urbano;3;3
83314718;2015-02-06;Sexta;05:00:00;SP;116;146.0;SAO JOSE DOS CAMPOS;Ultrapassagem indevida;Colisão traseira;Com Vítimas Feridas;Plena noite;Crescente;Ceu Claro;Múltipla;Reta;Urbano;2;2
83314746;2015-02-09;Segunda;08:00:00;SP;116;137.0;SAO JOSE DOS CAMPOS;Defeito mecânico em veículo;Capotamento;Sem Vítimas;Pleno dia;Crescente;Ceu Claro;Dupla;Reta;Rural;1;1
83314747;2015-02-05;Quinta;13:00:00;SP;116;125.4;CACAPAVA;Outras;Colisão com objeto fixo;Sem Vítimas;Pleno dia;Crescente;Chuva;Dupla;Reta;Urbano;2;1
83314855;2015-02-09;Segunda;18:00:00;SP;116;158.0;JACAREI;Falta de atenção;Colisão lateral;Sem Vítimas;Pleno dia;Decrescente;Sol;Dupla;Curva;Urbano;2;2
83314865;2015-02-09;Segunda;18:15:00;SP;116;111.6;TAUBATE;Não guardar distância de segurança;Colisão traseira;Sem Vítimas;Pleno dia;Decrescente;Nublado;Dupla;Reta;Urbano;2;2
83314909;2015-02-09;Segunda;06:30:00;SP;116;160.5;JACAREI;Outras;Colisão traseira;Com Vítimas Feridas;Anoitecer;Decrescente;Ceu Claro;Dupla;Reta;Urbano;3;2
83314923;2015-02-05;Quinta;10:40:00;SP;116;225.0;GUARULHOS;Não guardar distância de segurança;Colisão traseira;Sem Vítimas;Pleno dia;Crescente;Chuva;Múltipla;Reta;Urbano;3;3
83314941;2015-02-08;Domingo;03:50:00;SP;116;210.0;GUARULHOS;Outras;Saída de Pista;Sem Vítimas;Plena noite;Decrescente;Ceu Claro;Dupla;Reta;Urbano;1;1
83315013;2015-02-05;Quinta;09:00:00;SP;116;226.0;SAO PAULO;Não guardar distância de segurança;Colisão traseira;Sem Vítimas;Pleno dia;Crescente;Nublado;Simples;Reta;Urbano;3;3
83315073;2015-02-06;Sexta;06:45:00;SP;116;223.0;GUARULHOS;Desobediência à sinalização;Colisão traseira;Com Vítimas Feridas;Pleno dia;Crescente;Nublado;Múltipla;Reta;Urbano;3;2
83315107;2015-02-09;Segunda;21:30:00;SP;116;212.0;GUARULHOS;Não guardar distância de segurança;Colisão traseira;Com Vítimas Feridas;Plena noite;Crescente;Chuva;Múltipla;Reta;Urbano;2;2
83315112;2015-02-08;Domingo;20:55:00;SP;116;127.5;CACAPAVA;Falta de atenção;Colisão frontal;Sem Vítimas;Plena noite;Decrescente;Nublado;Simples;Reta;Urbano;2;2
83315127;2015-01-31;Sábado;14:00:00;SP;116;210.0;GUARULHOS;Outras;Colisão lateral;Com Vítimas Feridas;Pleno dia;Crescente;Ceu Claro;Múltipla;Reta;Urbano;2;2
83315141;2015-02-07;Sábado;15:00:00;SP;116;150.0;SAO JOSE DOS CAMPOS;Outras;Colisão com objeto fixo;Sem Vítimas;Pleno dia;Decrescente;Sol;Dupla;Reta;Urbano;1;1
83315144;2015-02-07;Sábado;21:00:00;SP;116;147.0;SAO JOSE DOS CAMPOS;Outras;Atropelamento de pessoa;Com Vítimas Fatais;Plena noite;Crescente;Nublado;Dupla;Reta;Urbano;2;1
83315176;2015-02-10;Terça;09:55:00;SP;116;208.0;GUARULHOS;Falta de atenção;Colisão lateral;Sem Vítimas;Pleno dia;Crescente;Nublado;Múltipla;Reta;Urbano;2;2
83315178;2015-02-06;Sexta;20:10:00;SP;116;219.4;GUARULHOS;Outras;Colisão traseira;Sem Vítimas;Pleno dia;Crescente;Nublado;Múltipla;Reta;Urbano;3;3
83315195;2015-02-10;Terça;09:30:00;SP;116;220.0;GUARULHOS;Defeito mecânico em veículo;Colisão traseira;Sem Vítimas;Pleno dia;Crescente;Nublado;Múltipla;Reta;Urbano;6;6
83315219;2015-02-10;Terça;12:30:00;SP;116;134.9;SAO JOSE DOS CAMPOS;Outras;Colisão traseira;Sem Vítimas;Pleno dia;Crescente;Nublado;Dupla;Reta;Urbano;2;2
83315303;2015-02-10;Terça;00:15:00;SP;116;185.0;SANTA ISABEL;Outras;Colisão traseira;Sem Vítimas;Plena noite;Crescente;Chuva;Dupla;Reta;Rural;2;2
83315328;2015-02-06;Sexta;16:00:00;SP;116;225.0;GUARULHOS;Falta de atenção;Colisão traseira;Sem Vítimas;Pleno dia;Decrescente;Chuva;Múltipla;Reta;Urbano;2;2
83315340;2015-02-08;Domingo;18:45:00;SP;116;215.0;GUARULHOS;Outras;Colisão traseira;Sem Vítimas;Anoitecer;Crescente;Ceu Claro;Múltipla;Reta;Urbano;2;2
83315346;2015-02-10;Terça;14:10:00;SP;116;228.0;SAO PAULO;Outras;Colisão traseira;Sem Vítimas;Pleno dia;Decrescente;Sol;Múltipla;Reta;Urbano;2;2
83315355;2015-02-10;Terça;16:10:00;SP;116;138.7;SAO JOSE DOS CAMPOS;Defeito mecânico em veículo;Colisão com objeto móvel;Sem Vítimas;Pleno dia;Crescente;Nublado;Dupla;Reta;Urbano;2;2
83315368;2015-02-10;Terça;17:50:00;SP;116;187.0;SANTA ISABEL;Velocidade incompatível;Saída de Pista;Sem Vítimas;Pleno dia;Crescente;Chuva;Dupla;Curva;Rural;1;1
83315387;2015-02-10;Terça;17:10:00;SP;116;116.8;TAUBATE;Defeito mecânico em veículo;Queda de motocicleta / bicicleta / veículo;Com Vítimas Feridas;Pleno dia;Decrescente;Nublado;Dupla;Reta;Urbano;2;1
83315394;2015-02-07;Sábado;17:50:00;SP;116;218.0;GUARULHOS;Outras;Colisão com objeto fixo;Sem Vítimas;Pleno dia;Crescente;Ceu Claro;Múltipla;Reta;Urbano;1;1
83315506;2015-02-11;Quarta;00:30:00;SP;116;187.0;SANTA ISABEL;Dormindo;Saída de Pista;Sem Vítimas;Plena noite;Decrescente;Nublado;Dupla;Reta;Rural;1;1
83315525;2015-02-06;Sexta;15:00:00;SP;116;170.0;JACAREI;Outras;Saída de Pista;Com Vítimas Feridas;Pleno dia;Decrescente;Chuva;Dupla;Reta;Rural;1;1
83315566;2015-02-03;Terça;08:00:00;SP;116;136.0;SAO JOSE DOS CAMPOS;Desobediência à sinalização;Colisão frontal;Com Vítimas Feridas;Amanhecer;Crescente;Ceu Claro;Dupla;Curva;Urbano;2;2
83315580;2015-02-08;Domingo;07:00:00;SP;116;157.0;SAO JOSE DOS CAMPOS;Falta de atenção;Capotamento;Com Vítimas Feridas;Pleno dia;Decrescente;Nublado;Dupla;Reta;Urbano;5;1
83315588;2015-02-11;Quarta;07:20:00;SP;116;142.0;SAO JOSE DOS CAMPOS;Falta de atenção;Colisão traseira;Sem Vítimas;Pleno dia;Crescente;Ceu Claro;Dupla;Reta;Urbano;2;2
83315613;2015-02-03;Terça;17:25:00;SP;116;113.5;TAUBATE;Não guardar distância de segurança;Colisão traseira;Sem Vítimas;Pleno dia;Decrescente;Ceu Claro;Simples;Reta;Urbano;3;3
83315630;2015-02-11;Quarta;09:30:00;SP;116;222.0;GUARULHOS;Outras;Colisão traseira;Com Vítimas Feridas;Pleno dia;Crescente;Ceu Claro;Múltipla;Reta;Urbano;2;2
83315657;2015-02-11;Quarta;10:00:00;SP;116;225.8;GUARULHOS;Não guardar distância de segurança;Colisão lateral;Sem Vítimas;Pleno dia;Crescente;Ceu Claro;Múltipla;Reta;Urbano;2;2
83315701;2015-02-11;Quarta;12:05:00;SP;116;221.0;GUARULHOS;Outras;Colisão traseira;Sem Vítimas;Pleno dia;Decrescente;Ceu Claro;Múltipla;Reta;Urbano;2;2
83315756;2015-02-09;Segunda;14:50:00;SP;116;219.0;GUARULHOS;Falta de atenção;Colisão com objeto fixo;Sem Vítimas;Pleno dia;Decrescente;Ceu Claro;Múltipla;Cruzamento;Urbano;1;1
83315828;2015-02-11;Quarta;19:40:00;SP;116;153.3;SAO JOSE DOS CAMPOS;Falta de atenção;Colisão traseira;Sem Vítimas;Anoitecer;Crescente;Nublado;Dupla;Reta;Urbano;2;2
83315835;2015-02-08;Domingo;04:00:00;SP;116;176.0;GUARAREMA;Animais na Pista;Capotamento;Sem Vítimas;Plena noite;Decrescente;Ceu Claro;Dupla;Reta;Rural;1;1
83315850;2015-02-11;Quarta;11:00:00;SP;116;228.9;SAO PAULO;Não guardar distância de segurança;Colisão lateral;Com Vítimas Feridas;Pleno dia;Crescente;Sol;Múltipla;Reta;Urbano;3;3
83315866;2015-02-08;Domingo;16:50:00;SP;116;225.5;GUARULHOS;Outras;Colisão traseira;Sem Vítimas;Pleno dia;Crescente;Ceu Claro;Múltipla;Reta;Urbano;2;2
83315876;2015-02-11;Quarta;15:30:00;SP;116;161.0;JACAREI;Falta de atenção;Colisão frontal;Com Vítimas Feridas;Pleno dia;Decrescente;Sol;Simples;Reta;Urbano;2;2
83315881;2015-02-11;Quarta;15:00:00;SP;116;215.0;GUARULHOS;Outras;Colisão com objeto fixo;Com Vítimas Feridas;Pleno dia;Crescente;Sol;Múltipla;Reta;Urbano;2;2
83316014;2015-02-11;Quarta;08:30:00;SP;116;223.0;GUARULHOS;Outras;Colisão lateral;Com Vítimas Feridas;Pleno dia;Crescente;Ceu Claro;Múltipla;Reta;Urbano;3;3
83316066;2015-02-12;Quinta;08:20:00;SP;116;145.0;SAO JOSE DOS CAMPOS;Falta de atenção;Colisão lateral;Com Vítimas Feridas;Pleno dia;Decrescente;Ceu Claro;Simples;Reta;Urbano;2;2
83316094;2015-02-04;Quarta;17:30:00;SP;116;227.0;GUARULHOS;Outras;Colisão lateral;Com Vítimas Feridas;Pleno dia;Decrescente;Ceu Claro;Múltipla;Reta;Urbano;2;2
83316097;2015-02-05;Quinta;01:45:00;SP;116;129.4;CACAPAVA;Outras;Colisão traseira;Com Vítimas Feridas;Plena noite;Decrescente;Chuva;Dupla;Reta;Urbano;8;2
83316169;2015-02-12;Quinta;09:10:00;SP;116;145.3;SAO JOSE DOS CAMPOS;Falta de atenção;Colisão traseira;Sem Vítimas;Pleno dia;Decrescente;Ceu Claro;Dupla;Reta;Urbano;2;2
83316198;2015-02-12;Quinta;14:45:00;SP;116;228.0;SAO PAULO;Outras;Colisão traseira;Com Vítimas Feridas;Pleno dia;Crescente;Sol;Múltipla;Reta;Urbano;3;3
83316250;2015-02-11;Quarta;16:30:00;SP;116;154.0;SAO JOSE DOS CAMPOS;Defeito mecânico em veículo;Colisão com objeto móvel;Sem Vítimas;Pleno dia;Decrescente;Ceu Claro;Simples;Reta;Urbano;2;2
83316300;2015-01-05;Segunda;16:20:00;SP;116;218.5;GUARULHOS;Outras;Colisão lateral;Sem Vítimas;Pleno dia;Decrescente;Chuva;Dupla;Reta;Urbano;3;3
83316303;2015-02-12;Quinta;19:00:00;SP;116;216.0;GUARULHOS;Outras;Colisão lateral;Com Vítimas Feridas;Pleno dia;Decrescente;Ceu Claro;Múltipla;Reta;Urbano;2;2
83316326;2015-02-09;Segunda;00:05:00;SP;116;212.0;GUARULHOS;Outras;Capotamento;Sem Vítimas;Plena noite;Decrescente;Ceu Claro;Múltipla;Reta;Urbano;1;1
83316448;2015-02-04;Quarta;18:00:00;SP;116;221.0;GUARULHOS;Outras;Colisão lateral;Sem Vítimas;Pleno dia;Decrescente;Ceu Claro;Múltipla;Reta;Urbano;2;2
83316455;2015-02-12;Quinta;23:55:00;SP;116;135.0;SAO JOSE DOS CAMPOS;Outras;Colisão com objeto fixo;Sem Vítimas;Plena noite;Crescente;Ceu Claro;Dupla;Reta;Urbano;1;1
83316456;2015-02-12;Quinta;17:30:00;SP;116;115.0;TAUBATE;Não guardar distância de segurança;Colisão traseira;Sem Vítimas;Pleno dia;Decrescente;Ceu Claro;Dupla;Reta;Urbano;2;2
83316458;2015-02-12;Quinta;07:40:00;SP;116;140.8;SAO JOSE DOS CAMPOS;Não guardar distância de segurança;Colisão traseira;Sem Vítimas;Pleno dia;Crescente;Ceu Claro;Dupla;Reta;Urbano;2;2