id;data_inversa;dia_semana;horario;uf;br;km;municipio;causa_acidente;tipo_acidente;classificacao_acidente;fase_dia;sentido_via;condicao_metereologica;tipo_pista;tracado_via;uso_solo;pessoas;veiculos
83327958;2015-03-12;Quinta;15:15:00;SP;116;127.6;CACAPAVA;Falta de atenção;Colisão traseira;Com Vítimas Feridas;Pleno dia;Crescente;Nublado;Dupla;Reta;Urbano;4;4
83327963;2015-03-12;Quinta;12:26:00;SP;116;192.3;SANTA ISABEL;Falta de atenção;Queda de motocicleta / bicicleta / veículo;Com Vítimas Feridas;Pleno dia;Crescente;Ceu Claro;Dupla;Reta;Urbano;2;1
83327987;2015-03-08;Domingo;01:00:00;SP;116;102.8;PINDAMONHANGABA;Defeito mecânico em veículo;Colisão traseira;Com Vítimas Feridas;Plena noite;Decrescente;Nublado;Dupla;Reta;Urbano;4;3
83328125;2015-03-12;Quinta;18:50:00;SP;116;219.2;GUARULHOS;Outras;Colisão lateral;Com Vítimas Feridas;Anoitecer;Crescente;Nublado;Múltipla;Reta;Urbano;3;3
83328161;2015-03-11;Quarta;08:30:00;SP;116;211.0;GUARULHOS;Outras;Colisão com objeto móvel;Sem Vítimas;Pleno dia;Crescente;Ceu Claro;Múltipla;Reta;Urbano;1;1
83328214;2015-03-09;Segunda;06:15:00;SP;116;223.0;GUARULHOS;Outras;Colisão com objeto fixo;Sem Vítimas;Amanhecer;Decrescente;Chuva;Múltipla;Reta;Urbano;1;1
83328259;2015-03-09;Segunda;15:15:00;SP;116;216.0;GUARULHOS;Não guardar distância de segurança;Colisão traseira;Com Vítimas Feridas;Pleno dia;Crescente;Chuva;Múltipla;Reta;Urbano;4;2
83328275;2015-03-11;Quarta;22:40:00;SP;116;229.0;GUARULHOS;Outras;Colisão lateral;Com Vítimas Feridas;Plena noite;Crescente;Nublado;Múltipla;Reta;Urbano;3;3
83328277;2015-03-10;Terça;07:30:00;SP;116;144.5;SAO JOSE DOS CAMPOS;Falta de atenção;Colisão traseira;Sem Vítimas;Pleno dia;Crescente;Ceu Claro;Múltipla;Reta;Urbano;2;2
83328328;2015-03-05;Quinta;19:10:00;SP;116;220.0;GUARULHOS;Não guardar distância de segurança;Colisão lateral;Com Vítimas Feridas;Plena noite;Decrescente;Nublado;Múltipla;Reta;Urbano;3;3
83328355;2015-03-09;Segunda;11:50:00;SP;116;221.0;GUARULHOS;Outras;Colisão com objeto fixo;Sem Vítimas;Pleno dia;Crescente;Chuva;Múltipla;Reta;Urbano;1;1
83328455;2015-03-12;Quinta;07:40:00;SP;116;139.2;SAO JOSE DOS CAMPOS;Outras;Colisão com objeto fixo;Com Vítimas Feridas;Amanhecer;Crescente;Ceu Claro;Dupla;Reta;Urbano;3;2
83328546;2015-03-14;Sábado;01:35:00;SP;116;224.0;GUARULHOS;Dormindo;Colisão com objeto fixo;Sem Vítimas;Plena noite;Decrescente;Chuva;Múltipla;Reta;Urbano;1;1
83328554;2015-03-10;Terça;18:00:00;SP;116;202.0;ARUJA;Outras;Colisão lateral;Sem Vítimas;Anoitecer;Decrescente;Nublado;Dupla;Reta;Urbano;2;2
83328560;2015-03-11;Quarta;07:25:00;SP;116;111.4;TAUBATE;Não guardar distância de segurança;Colisão traseira;Sem Vítimas;Pleno dia;Decrescente;Sol;Dupla;Reta;Urbano;3;3
83328611;2015-03-13;Sexta;17:45:00;SP;116;219.8;GUARULHOS;Não guardar distância de segurança;Colisão traseira;Sem Vítimas;Anoitecer;Decrescente;Chuva;Múltipla;Reta;Urbano;2;2
83328646;2015-03-10;Terça;17:50:00;SP;116;212.0;GUARULHOS;Defeito mecânico em veículo;Colisão traseira;Sem Vítimas;Anoitecer;Crescente;Nublado;Múltipla;Reta;Urbano;2;2
83328795;2015-03-14;Sábado;19:50:00;SP;116;222.0;GUARULHOS;Não guardar distância de segurança;Colisão traseira;Com Vítimas Feridas;Plena noite;Decrescente;Chuva;Múltipla;Reta;Urbano;2;2
83328806;2015-02-27;Sexta;18:45:00;SP;116;193.0;SANTA ISABEL;Outras;Saída de Pista;Sem Vítimas;Anoitecer;Decrescente;Chuva;Dupla;Reta;Rural;1;1
83328819;2015-02-28;Sábado;07:30:00;SP;116;186.0;SANTA ISABEL;Ingestão de álcool;Colisão traseira;Sem Vítimas;Pleno dia;Crescente;Sol;Dupla;Curva;Rural;2;2
83328917;2015-03-11;Quarta;01:30:00;SP;116;173.0;GUARAREMA;Falta de atenção;Capotamento;Com Vítimas Feridas;Plena noite;Decrescente;Ceu Claro;Simples;Curva;Rural;2;1
83329000;2015-03-12;Quinta;08:25:00;SP;116;173.0;JACAREI;Outras;Saída de Pista;Com Vítimas Feridas;Pleno dia;Decrescente;Ceu Claro;Simples;Reta;Rural;3;1
83329052;2015-03-11;Quarta;12:20:00;SP;116;185.0;SANTA ISABEL;Outras;Tombamento;Sem Vítimas;Pleno dia;Decrescente;Chuva;Dupla;Reta;Rural;1;1
83329054;2015-03-11;Quarta;18:17:00;SP;116;104.1;TAUBATE;Outras;Queda de motocicleta / bicicleta / veículo;Com Vítimas Feridas;Anoitecer;Decrescente;Nublado;Dupla;Reta;Rural;1;1
83329067;2015-03-15;Domingo;11:05:00;SP;116;228.0;SAO PAULO;Falta de atenção;Colisão traseira;Com Vítimas Feridas;Pleno dia;Decrescente;Nublado;Múltipla;Reta;Urbano;3;3
83329081;2015-03-15;Domingo;12:50:00;SP;116;218.5;GUARULHOS;Velocidade incompatível;Colisão com objeto fixo;Com Vítimas Feridas;Pleno dia;Crescente;Nublado;Múltipla;Curva;Urbano;1;1
83329085;2015-03-15;Domingo;13:30:00;SP;116;229.7;SAO PAULO;Falta de atenção;Colisão com objeto fixo;Sem Vítimas;Pleno dia;Decrescente;Nublado;Múltipla;Reta;Urbano;1;1
83329088;2015-03-15;Domingo;04:50:00;SP;116;219.0;GUARULHOS;Dormindo;Colisão traseira;Com Vítimas Feridas;Plena noite;Decrescente;Nublado;Múltipla;Reta;Urbano;2;2
83329099;2015-03-04;Quarta;18:05:00;SP;116;210.0;GUARULHOS;Outras;Colisão traseira;Com Vítimas Feridas;Pleno dia;Crescente;Nublado;Simples;Reta;Urbano;3;2
83329219;2015-03-15;Domingo;21:10:00;SP;116;213.0;GUARULHOS;Outras;Saída de Pista;Com Vítimas Feridas;Plena noite;Decrescente;Ceu Claro;Múltipla;Reta;Urbano;1;1
83329338;2015-03-15;Domingo;01:00:00;SP;116;210.0;GUARULHOS;Não guardar distância de segurança;Colisão traseira;Sem Vítimas;Plena noite;Crescente;Nublado;Múltipla;Reta;Urbano;2;2
83329439;2015-03-12;Quinta;21:30:00;SP;116;197.0;ARUJA;Outras;Colisão traseira;Com Vítimas Feridas;Plena noite;Crescente;Nublado;Dupla;Reta;Rural;2;2
83329525;2015-03-16;Segunda;15:30:00;SP;116;134.2;SAO JOSE DOS CAMPOS;Falta de atenção;Saída de Pista;Sem Vítimas;Pleno dia;Crescente;Nublado;Dupla;Reta;Urbano;1;1
83329534;2015-03-16;Segunda;13:30:00;SP;116;136.0;SAO JOSE DOS CAMPOS;Animais na Pista;Atropelamento de animal;Sem Vítimas;Pleno dia;Crescente;Nublado;Dupla;Reta;Urbano;1;1
83329579;2015-03-06;Sexta;03:45:00;SP;116;154.0;SAO JOSE DOS CAMPOS;Dormindo;Colisão com objeto fixo;Sem Vítimas;Amanhecer;Crescente;Nevoeiro/neblina;Dupla;Reta;Urbano;1;1
83329641;2015-03-16;Segunda;10:20:00;SP;116;165.0;JACAREI;Defeito mecânico em veículo;Colisão traseira;Sem Vítimas;Pleno dia;Decrescente;Ceu Claro;Dupla;Reta;Urbano;2;2
83329661;2015-03-16;Segunda;17:50:00;SP;116;161.5;JACAREI;Falta de atenção;Colisão traseira;Sem Vítimas;Plena noite;Decrescente;Chuva;Dupla;Reta;Urbano;3;3
83329737;2015-03-14;Sábado;06:00:00;SP;116;134.0;CACAPAVA;Falta de atenção;Colisão traseira;Sem Vítimas;Amanhecer;Decrescente;Nublado;Dupla;Reta;Rural;2;2
83329816;2015-03-11;Quarta;18:45:00;SP;116;155.0;SAO JOSE DOS CAMPOS;Outras;Queda de motocicleta / bicicleta / veículo;Com Vítimas Feridas;Anoitecer;Crescente;Nublado;Dupla;Reta;Urbano;2;1
83329821;2015-03-11;Quarta;13:10:00;SP;116;223.0;GUARULHOS;Falta de atenção;Colisão lateral;Sem Vítimas;Pleno dia;Crescente;Ceu Claro;Múltipla;Reta;Urbano;2;2
83329822;2015-03-15;Domingo;13:20:00;SP;116;152.0;SAO JOSE DOS CAMPOS;Outras;Tombamento;Sem Vítimas;Pleno dia;Decrescente;Nublado;Dupla;Reta;Urbano;1;1
83329829;2015-03-16;Segunda;03:00:00;SP;116;156.0;SAO JOSE DOS CAMPOS;Ingestão de álcool;Colisão traseira;Sem Vítimas;Plena noite;Crescente;Nublado;Dupla;Reta;Urbano;2;2
83329859;2015-03-10;Terça;10:20:00;SP;116;202.0;ARUJA;Defeito mecânico em veículo;Colisão traseira;Com Vítimas Feridas;Pleno dia;Crescente;Chuva;Múltipla;Reta;Urbano;4;2
83329860;2015-03-16;Segunda;19:45:00;SP;116;107.5;TAUBATE;Outras;Colisão traseira;Com Vítimas Feridas;Plena noite;Decrescente;Chuva;Dupla;Reta;Urbano;2;2
83329862;2015-03-17;Terça;08:20:00;SP;116;151.5;SAO JOSE DOS CAMPOS;Falta de atenção;Colisão lateral;Sem Vítimas;Pleno dia;Crescente;Ceu Claro;Dupla;Reta;Urbano;2;2
83329997;2015-03-13;Sexta;20:00:00;SP;116;219.0;GUARULHOS;Não guardar distância de segurança;Colisão traseira;Sem Vítimas;Plena noite;Crescente;Chuva;Múltipla;Reta;Urbano;3;3
83330000;2015-03-14;Sábado;06:15:00;SP;116;217.0;GUARULHOS;Falta de atenção;Atropelamento de pessoa;Com Vítimas Feridas;Amanhecer;Decrescente;Nublado;Múltipla;Reta;Urbano;2;1
83330037;2015-03-14;Sábado;01:35:00;SP;116;220.0;GUARULHOS;Falta de atenção;Capotamento;Com Vítimas Feridas;Plena noite;Crescente;Nublado;Múltipla;Reta;Urbano;2;1
83330064;2015-03-16;Segunda;03:40:00;SP;116;216.7;GUARULHOS;Outras;Colisão traseira;Sem Vítimas;Plena noite;Crescente;Nublado;Múltipla;Reta;Urbano;2;2
83330133;2015-03-17;Terça;00:05:00;SP;116;224.0;GUARULHOS;Outras;Colisão com objeto fixo;Sem Vítimas;Plena noite;Crescente;Ignorada;Múltipla;Reta;Urbano;1;1
83330210;2015-03-16;Segunda;07:30:00;SP;116;157.0;SAO JOSE DOS CAMPOS;Outras;Colisão traseira;Sem Vítimas;Pleno dia;Decrescente;Ceu Claro;Dupla;Reta;Urbano;3;3
83330266;2015-03-17;Terça;18:10:00;SP;116;149.0;SAO JOSE DOS CAMPOS;Outras;Tombamento;Com Vítimas Feridas;Plena noite;Decrescente;Nublado;Simples;Reta;Urbano;1;1
83330292;2015-03-11;Quarta;19:00:00;SP;116;218.4;GUARULHOS;Não guardar distância de segurança;Colisão traseira;Sem Vítimas;Plena noite;Crescente;Ceu Claro;Múltipla;Reta;Urbano;2;2
83330319;2015-03-18;Quarta;08:45:00;SP;116;223.0;GUARULHOS;Outras;Saída de Pista;Com Vítimas Feridas;Pleno dia;Crescente;Nublado;Múltipla;Reta;Urbano;2;2
83330350;2015-03-18;Quarta;19:00:00;SP;116;156.0;SAO JOSE DOS CAMPOS;Falta de atenção;Colisão traseira;Sem Vítimas;Plena noite;Crescente;Chuva;Dupla;Reta;Urbano;2;2
83330364;2015-03-14;Sábado;07:50:00;SP;116;197.0;ARUJA;Não guardar distância de segurança;Colisão lateral;Com Vítimas Feridas;Pleno dia;Decrescente;Sol;Dupla;Reta;Urbano;2;2
83330419;2015-03-18;Quarta;19:30:00;SP;116;155.0;SAO JOSE DOS CAMPOS;Falta de atenção;Colisão traseira;Sem Vítimas;Plena noite;Crescente;Chuva;Dupla;Reta;Urbano;3;3
83330450;2015-03-18;Quarta;21:20:00;SP;116;216.0;GUARULHOS;Velocidade incompatível;Capotamento;Com Vítimas Feridas;Plena noite;Crescente;Chuva;Múltipla;Curva;Urbano;7;1
83330514;2015-03-19;Quinta;06:10:00;SP;116;228.8;SAO PAULO;Outras;Colisão lateral;Com Vítimas Feridas;Pleno dia;Crescente;Nublado;Múltipla;Reta;Urbano;3;2
83330663;2015-03-12;Quinta;21:10:00;SP;116;123.3;CACAPAVA;Outras;Tombamento;Com Vítimas Feridas;Pleno dia;Decrescente;Ceu Claro;Dupla;Reta;Urbano;6;5
83330665;2015-03-19;Quinta;11:45:00;SP;116;210.0;GUARULHOS;Falta de atenção;Colisão Transversal;Sem Vítimas;Pleno dia;Crescente;Sol;Dupla;Reta;Urbano;2;2
83330702;2015-03-19;Quinta;15:10:00;SP;116;222.0;GUARULHOS;Outras;Colisão lateral;Sem Vítimas;Pleno dia;Decrescente;Chuva;Múltipla;Reta;Urbano;2;2
83330868;2015-03-17;Terça;07:00:00;SP;116;204.0;ARUJA;Velocidade incompatível;Colisão traseira;Sem Vítimas;Pleno dia;Decrescente;Nublado;Múltipla;Reta;Urbano;2;2
83330885;2015-03-18;Quarta;18:40:00;SP;116;223.0;GUARULHOS;Falta de atenção;Colisão traseira;Sem Vítimas;Plena noite;Decrescente;Nublado;Múltipla;Reta;Urbano;3;3
83330927;2015-03-17;Terça;05:30:00;SP;116;116.0;TAUBATE;Não guardar distância de segurança;Colisão traseira;Sem Vítimas;Pleno dia;Crescente;Nublado;Dupla;Reta;Urbano;3;3
83331010;2015-03-19;Quinta;02:00:00;SP;116;213.0;GUARULHOS;Outras;Tombamento;Sem Vítimas;Plena noite;Decrescente;Nublado;Múltipla;Reta;Urbano;1;1
83331020;2015-01-27;Terça;10:30:00;SP;116;223.0;GUARULHOS;Outras;Colisão traseira;Com Vítimas Feridas;Pleno dia;Crescente;Ceu Claro;Múltipla;Reta;Rural;4;3
83331086;2015-03-20;Sexta;13:00:00;SP;116;114.2;TAUBATE;Falta de atenção;Colisão traseira;Sem Vítimas;Pleno dia;Decrescente;Nublado;Dupla;Reta;Urbano;2;2
83331098;2015-03-20;Sexta;14:45:00;SP;116;138.1;SAO JOSE DOS CAMPOS;Não guardar distância de segurança;Colisão traseira;Sem Vítimas;Pleno dia;Crescente;Nublado;Dupla;Reta;Urbano;2;2
83331112;2015-03-17;Terça;11:00:00;SP;116;128.0;CACAPAVA;Outras;Saída de Pista;Sem Vítimas;Pleno dia;Crescente;Sol;Dupla;Reta;Urbano;1;1
83331122;2015-03-12;Quinta;13:45:00;SP;116;221.0;GUARULHOS;Outras;Colisão lateral;Sem Vítimas;Anoitecer;Decrescente;Chuva;Múltipla;Reta;Urbano;2;2
83331142;2015-03-20;Sexta;19:00:00;SP;116;147.0;SAO JOSE DOS CAMPOS;Falta de atenção;Colisão lateral;Com Vítimas Feridas;Plena noite;Decrescente;Chuva;Múltipla;Reta;Urbano;2;2
83331237;2015-03-20;Sexta;07:50:00;SP;116;104.0;TAUBATE;Falta de atenção;Colisão lateral;Sem Vítimas;Pleno dia;Crescente;Ceu Claro;Dupla;Reta;Urbano;2;2
83331323;2015-03-20;Sexta;19:00:00;SP;116;113.7;TAUBATE;Não guardar distância de segurança;Colisão traseira;Sem Vítimas;Plena noite;Decrescente;Nublado;Dupla;Reta;Urbano;3;3
83331334;2015-03-21;Sábado;01:45:00;SP;116;102.0;PINDAMONHANGABA;Não guardar distância de segurança;Colisão traseira;Sem Vítimas;Plena noite;Crescente;Chuva;Dupla;Reta;Urbano;2;2
83331355;2015-03-20;Sexta;20:00:00;SP;116;215.5;GUARULHOS;Outras;Colisão com objeto fixo;Sem Vítimas;Plena noite;Crescente;Chuva;Múltipla;Reta;Urbano;1;1
83331400;2015-03-17;Terça;08:30:00;SP;116;221.0;GUARULHOS;Outras;Colisão lateral;Com Vítimas Feridas;Pleno dia;Crescente;Sol;Múltipla;Reta;Urbano;2;2
83331541;2015-03-17;Terça;21:00:00;SP;116;219.0;GUARULHOS;Outras;Colisão traseira;Sem Vítimas;Plena noite;Crescente;Nublado;Múltipla;Reta;Urbano;2;2
83331587;2015-03-17;Terça;16:00:00;SP;116;210.6;GUARULHOS;Outras;Colisão traseira;Sem Vítimas;Pleno dia;Decrescente;Nublado;Múltipla;Reta;Urbano;2;2
83331593;2015-03-21;Sábado;13:15:00;SP;116;133.0;CACAPAVA;Outras;Colisão com objeto fixo;Com Vítimas Feridas;Pleno dia;Decrescente;Chuva;Dupla;Reta;Urbano;1;1
83331620;2015-03-21;Sábado;16:45:00;SP;116;133.7;CACAPAVA;Falta de atenção;Colisão traseira;Sem Vítimas;Pleno dia;Decrescente;Chuva;Dupla;Reta;Urbano;2;2
83331784;2015-03-21;Sábado;14:00:00;SP;116;131.0;CACAPAVA;Outras;Colisão traseira;Sem Vítimas;Pleno dia;Crescente;Chuva;Dupla;Reta;Urbano;2;2
83331791;2015-03-21;Sábado;20:30:00;SP;116;110.0;TAUBATE;Falta de atenção;Colisão lateral;Sem Vítimas;Plena noite;Crescente;Chuva;Dupla;Reta;Urbano;2;2
83331850;2015-03-18;Quarta;17:30:00;SP;116;115.9;TAUBATE;Falta de atenção;Colisão lateral;Sem Vítimas;Pleno dia;Decrescente;Chuva;Dupla;Reta;Urbano;2;2
83331854;2015-03-22;Domingo;07:30:00;SP;116;103.5;TAUBATE;Outras;Colisão lateral;Sem Vítimas;Pleno dia;Decrescente;Nublado;Dupla;Reta;Rural;2;2
83331869;2015-03-15;Domingo;14:00:00;SP;116;146.0;SAO JOSE DOS CAMPOS;Outras;Tombamento;Com Vítimas Feridas;Pleno dia;Decrescente;Nublado;Dupla;Reta;Urbano;1;1
83331875;2015-03-18;Quarta;22:30:00;SP;116;109.1;TAUBATE;Outras;Tombamento;Com Vítimas Feridas;Plena noite;Crescente;Chuva;Dupla;Reta;Urbano;1;1
83331877;2015-03-19;Quinta;05:40:00;SP;116;159.0;JACAREI;Falta de atenção;Colisão traseira;Com Vítimas Feridas;Amanhecer;Crescente;Chuva;Dupla;Reta;Urbano;2;2
83331941;2015-03-18;Quarta;10:00:00;SP;116;169.0;JACAREI;Outras;Saída de Pista;Sem Vítimas;Pleno dia;Decrescente;Nublado;Simples;Curva;Rural;1;1
83331967;2015-03-22;Domingo;13:15:00;SP;116;113.5;TAUBATE;Falta de atenção;Colisão traseira;Sem Vítimas;Pleno dia;Crescente;Chuva;Dupla;Reta;Urbano;3;3
83332014;2015-03-18;Quarta;13:48:00;SP;116;224.0;GUARULHOS;Outras;Capotamento;Com Vítimas Feridas;Pleno dia;Crescente;Ceu Claro;Múltipla;Reta;Urbano;1;1
83332036;2015-03-18;Quarta;20:30:00;SP;116;186.0;SANTA ISABEL;Outras;Tombamento;Sem Vítimas;Plena noite;Decrescente;Chuva;Dupla;Reta;Rural;1;1
83332038;2015-02-19;Quinta;10:30:00;SP;116;220.0;GUARULHOS;Outras;Colisão traseira;Sem Vítimas;Pleno dia;Decrescente;Ceu Claro;Múltipla;Reta;Urbano;5;5
83332039;2015-02-19;Quinta;10:30:00;SP;116;220.0;GUARULHOS;Outras;Colisão traseira;Sem Vítimas;Pleno dia;Decrescente;Ceu Claro;Múltipla;Reta;Urbano;5;5
83332053;2015-03-14;Sábado;23:10:00;SP;116;140.8;SAO JOSE DOS CAMPOS;Dormindo;Colisão lateral;Sem Vítimas;Plena noite;Crescente;Ceu Claro;Dupla;Reta;Urbano;2;2
83332054;2015-03-22;Domingo;12:30:00;SP;116;219.0;GUARULHOS;Não guardar distância de segurança;Colisão traseira;Com Vítimas Feridas;Pleno dia;Decrescente;Chuva;Dupla;Reta;Urbano;4;2
83332069;2015-03-19;Quinta;06:30:00;SP;116;130.5;CACAPAVA;Falta de atenção;Colisão lateral;Sem Vítimas;Amanhecer;Decrescente;Nublado;Dupla;Reta;Urbano;2;2
83332083;2015-03-22;Domingo;14:30:00;SP;116;111.0;TAUBATE;Falta de atenção;Colisão traseira;Sem Vítimas;Pleno dia;Crescente;Chuva;Dupla;Reta;Urbano;2;2
83332099;2015-03-12;Quinta;03:30:00;SP;116;216.8;GUARULHOS;Falta de atenção;Colisão com objeto fixo;Sem Vítimas;Plena noite;Crescente;Ceu Claro;Múltipla;Reta;Urbano;1;1
83332151;2015-03-22;Domingo;19:05:00;SP;116;147.0;SAO JOSE DOS CAMPOS;Falta de atenção;Colisão com objeto fixo;Com Vítimas Feridas;Plena noite;Crescente;Chuva;Dupla;Reta;Urbano;1;1
83332176;2015-03-22;Domingo;23:50:00;SP;116;212.0;GUARULHOS;Outras;Capotamento;Com Vítimas Feridas;Plena noite;Crescente;Nublado;Múltipla;Reta;Urbano;1;1
83332236;2015-03-20;Sexta;04:00:00;SP;116;148.0;SAO JOSE DOS CAMPOS;Outras;Colisão traseira;Com Vítimas Feridas;Plena noite;Crescente;Nublado;Dupla;Reta;Urbano;2;2
83332280;2015-03-19;Quinta;15:30:00;SP;116;161.0;JACAREI;Falta de atenção;Colisão com objeto fixo;Sem Vítimas;Pleno dia;Crescente;Ceu Claro;Dupla;Reta;Rural;1;1
83332293;2015-02-19;Quinta;10:30:00;SP;116;220.0;GUARULHOS;Outras;Colisão traseira;Sem Vítimas;Pleno dia;Decrescente;Ceu Claro;Múltipla;Reta;Urbano;5;5
83332467;2015-03-21;Sábado;20:20:00;SP;116;165.0;JACAREI;Falta de atenção;Colisão lateral;Sem Vítimas;Plena noite;Decrescente;Ceu Claro;Dupla;Curva;Rural;2;2
83332556;2015-03-23;Segunda;11:30:00;SP;116;211.0;GUARULHOS;Outras;Colisão traseira;Com Vítimas Feridas;Pleno dia;Decrescente;Ceu Claro;Múltipla;Reta;Urbano;2;2
83332566;2015-03-16;Segunda;21:02:00;SP;116;208.0;GUARULHOS;Outras;Saída de Pista;Sem Vítimas;Anoitecer;Decrescente;Ceu Claro;Múltipla;Reta;Urbano;1;1
83332604;2015-03-23;Segunda;22:40:00;SP;116;100.2;PINDAMONHANGABA;Falta de atenção;Colisão lateral;Sem Vítimas;Plena noite;Decrescente;Nublado;Dupla;Reta;Rural;2;2
83332650;2015-03-24;Terça;02:40:00;SP;116;105.0;TAUBATE;Dormindo;Colisão traseira;Com Vítimas Feridas;Plena noite;Decrescente;Ignorada;Dupla;Reta;Rural;2;2
83332719;2015-03-20;Sexta;11:30:00;SP;116;211.0;GUARULHOS;Outras;Colisão traseira;Sem Vítimas;Pleno dia;Crescente;Ceu Claro;Múltipla;Reta;Urbano;3;3
83332760;2015-03-19;Quinta;10:15:00;SP;116;221.0;GUARULHOS;Outras;Colisão traseira;Sem Vítimas;Pleno dia;Decrescente;Ceu Claro;Múltipla;Reta;Urbano;2;2
83332813;2015-03-23;Segunda;12:30:00;SP;116;196.7;ARUJA;Não guardar distância de segurança;Colisão traseira;Sem Vítimas;Pleno dia;Decrescente;Ceu Claro;Dupla;Reta;Urbano;5;2
83332859;2015-03-23;Segunda;15:40:00;SP;116;228.0;SAO PAULO;Outras;Colisão traseira;Com Vítimas Feridas;Pleno dia;Decrescente;Ceu Claro;Múltipla;Reta;Urbano;2;2
83332903;2015-03-12;Quinta;22:05:00;SP;116;219.0;GUARULHOS;Outras;Colisão com objeto fixo;Ignorado;Plena noite;Crescente;Nublado;Simples;Reta;Urbano;1;1
83332913;2015-03-12;Quinta;21:05:00;SP;116;219.0;GUARULHOS;Outras;Colisão traseira;Sem Vítimas;Plena noite;Crescente;Nublado;Simples;Reta;Urbano;2;2
83332938;2015-03-24;Terça;16:00:00;SP;116;222.0;GUARULHOS;Falta de atenção;Colisão traseira;Sem Vítimas;Pleno dia;Decrescente;Sol;Dupla;Reta;Urbano;4;4
83332969;2015-03-10;Terça;07:40:00;SP;116;191.8;SANTA ISABEL;Velocidade incompatível;Saída de Pista;Com Vítimas Feridas;Pleno dia;Decrescente;Sol;Dupla;Curva;Rural;1;1
83333011;2015-03-24;Terça;23:00:00;SP;116;113.0;TAUBATE;Falta de atenção;Colisão lateral;Sem Vítimas;Plena noite;Decrescente;Nublado;Dupla;Reta;Urbano;2;2
83333047;2015-03-25;Quarta;00:30:00;SP;116;151.8;SAO JOSE DOS CAMPOS;Outras;Colisão traseira;Com Vítimas Fatais;Plena noite;Crescente;Ceu Claro;Dupla;Reta;Urbano;2;2
83333113;2015-03-22;Domingo;05:30:00;SP;116;135.7;CACAPAVA;Dormindo;Saída de Pista;Sem Vítimas;Pleno dia;Crescente;Nublado;Dupla;Reta;Urbano;1;1
83333114;2015-03-18;Quarta;07:00:00;SP;116;196.0;ARUJA;Velocidade incompatível;Tombamento;Sem Vítimas;Amanhecer;Decrescente;Chuva;Simples;Reta;Urbano;1;1
83333186;2015-03-25;Quarta;11:40:00;SP;116;116.1;TAUBATE;Outras;Colisão com objeto fixo;Sem Vítimas;Plena noite;Decrescente;Sol;Dupla;Reta;Urbano;1;1
83333204;2015-03-23;Segunda;11:15:00;SP;116;204.0;ARUJA;Falta de atenção;Colisão traseira;Sem Vítimas;Pleno dia;Crescente;Nublado;Múltipla;Reta;Urbano;2;2
83333226;2015-03-25;Quarta;12:15:00;SP;116;214.0;GUARULHOS;Ultrapassagem indevida;Colisão lateral;Sem Vítimas;Pleno dia;Crescente;Sol;Múltipla;Reta;Urbano;2;2
83333262;2015-03-25;Quarta;08:00:00;SP;116;139.0;SAO JOSE DOS CAMPOS;Falta de atenção;Colisão traseira;Sem Vítimas;Pleno dia;Crescente;Sol;Dupla;Reta;Urbano;3;3
83333283;2015-03-25;Quarta;15:35:00;SP;116;215.3;GUARULHOS;Não guardar distância de segurança;Queda de motocicleta / bicicleta / veículo;Com Vítimas Feridas;Pleno dia;Crescente;Ceu Claro;Múltipla;Reta;Urbano;2;1
83333311;2015-03-22;Domingo;06:00:00;SP;116;214.0;GUARULHOS;Ingestão de álcool;Colisão com objeto fixo;Com Vítimas Feridas;Amanhecer;Decrescente;Nublado;Múltipla;Reta;Urbano;2;1
83333312;2015-03-17;Terça;12:20:00;SP;116;209.0;GUARULHOS;Outras;Colisão traseira;Sem Vítimas;Pleno dia;Crescente;Ceu Claro;Dupla;Reta;Urbano;2;2
83333337;2015-03-22;Domingo;05:20:00;SP;116;147.0;SAO JOSE DOS CAMPOS;Defeito mecânico em veículo;Colisão com objeto fixo;Sem Vítimas;Plena noite;Crescente;Nublado;Múltipla;Reta;Urbano;1;1
83333344;2015-03-25;Quarta;16:10:00;SP;116;155.0;SAO JOSE DOS CAMPOS;Outras;Colisão lateral;Sem Vítimas;Pleno dia;Decrescente;Ceu Claro;Dupla;Reta;Urbano;3;3
83333419;2015-03-21;Sábado;13:50:00;SP;116;139.0;SAO JOSE DOS CAMPOS;Outras;Capotamento;Com Vítimas Fatais;Pleno dia;Decrescente;Nublado;Dupla;Reta;Urbano;3;1
83333488;2015-03-23;Segunda;06:45:00;SP;116;218.0;GUARULHOS;Não guardar distância de segurança;Colisão lateral;Com Vítimas Feridas;Pleno dia;Crescente;Ceu Claro;Múltipla;Reta;Urbano;3;2
83333514;2015-03-22;Domingo;18:00:00;SP;116;125.0;CACAPAVA;Outras;Queda de motocicleta / bicicleta / veículo;Com Vítimas Feridas;Plena noite;Crescente;Chuva;Dupla;Reta;Rural;1;1