id;data_inversa;dia_semana;horario;uf;br;km;municipio;causa_acidente;tipo_acidente;classificacao_acidente;fase_dia;sentido_via;condicao_metereologica;tipo_pista;tracado_via;uso_solo;pessoas;veiculos
83343626;2015-04-16;Quinta;11:45:00;SP;116;107.0;TAUBATE;Não guardar distância de segurança;Colisão traseira;Sem Vítimas;Pleno dia;Crescente;Sol;Dupla;Reta;Urbano;2;2
83343641;2015-04-16;Quinta;07:50:00;SP;116;116.3;TAUBATE;Não guardar distância de segurança;Colisão traseira;Sem Vítimas;Pleno dia;Decrescente;Sol;Dupla;Reta;Rural;6;6
83343643;2015-04-14;Terça;15:45:00;SP;116;229.0;SAO PAULO;Defeito mecânico em veículo;Colisão com objeto móvel;Sem Vítimas;Pleno dia;Crescente;Ceu Claro;Múltipla;Reta;Urbano;3;3
83343644;2015-04-18;Sábado;09:58:00;SP;116;222.3;GUARULHOS;Falta de atenção;Colisão traseira;Sem Vítimas;Pleno dia;Crescente;Sol;Múltipla;Reta;Urbano;2;2
83343802;2015-04-19;Domingo;10:30:00;SP;116;156.0;SAO JOSE DOS CAMPOS;Não guardar distância de segurança;Colisão traseira;Sem Vítimas;Pleno dia;Crescente;Sol;Dupla;Reta;Urbano;2;2
83343826;2015-04-16;Quinta;06:25:00;SP;116;116.7;TAUBATE;Outras;Queda de motocicleta / bicicleta / veículo;Com Vítimas Feridas;Pleno dia;Decrescente;Ceu Claro;Dupla;Reta;Urbano;1;1
83343848;2015-04-15;Quarta;21:40:00;SP;116;210.1;GUARULHOS;Ingestão de álcool;Colisão com objeto fixo;Com Vítimas Feridas;Plena noite;Crescente;Nublado;Dupla;Reta;Urbano;4;4
83343858;2015-04-19;Domingo;12:50:00;SP;116;211.0;GUARULHOS;Outras;Colisão com objeto fixo;Sem Vítimas;Pleno dia;Crescente;Nublado;Múltipla;Reta;Urbano;1;1
83343866;2015-04-15;Quarta;19:30:00;SP;116;148.0;SAO JOSE DOS CAMPOS;Falta de atenção;Colisão traseira;Sem Vítimas;Plena noite;Decrescente;Ceu Claro;Dupla;Reta;Urbano;3;3
83343868;2015-04-19;Domingo;14:00:00;SP;116;227.0;GUARULHOS;Outras;Colisão com objeto móvel;Sem Vítimas;Pleno dia;Decrescente;Ceu Claro;Múltipla;Reta;Urbano;1;1
83343876;2015-04-16;Quinta;06:50:00;SP;116;147.0;SAO JOSE DOS CAMPOS;Outras;Colisão traseira;Sem Vítimas;Amanhecer;Crescente;Nevoeiro/neblina;Múltipla;Reta;Urbano;2;2
83343898;2015-04-19;Domingo;10:30:00;SP;116;158.0;JACAREI;Falta de atenção;Colisão traseira;Com Vítimas Feridas;Pleno dia;Decrescente;Ceu Claro;Múltipla;Reta;Urbano;3;3
83343914;2015-04-18;Sábado;23:10:00;SP;116;224.0;GUARULHOS;Ingestão de álcool;Colisão lateral;Sem Vítimas;Plena noite;Crescente;Ceu Claro;Múltipla;Reta;Urbano;2;2
83343921;2015-04-17;Sexta;16:20:00;SP;116;115.5;TAUBATE;Não guardar distância de segurança;Colisão traseira;Sem Vítimas;Pleno dia;Decrescente;Ceu Claro;Dupla;Reta;Urbano;2;2
83343936;2015-04-10;Sexta;06:20:00;SP;116;214.0;GUARULHOS;Defeito mecânico em veículo;Incêndio;Sem Vítimas;Plena noite;Crescente;Ceu Claro;Múltipla;Reta;Urbano;1;1
83343968;2015-04-19;Domingo;19:00:00;SP;116;189.8;SANTA ISABEL;Ingestão de álcool;Colisão com objeto fixo;Sem Vítimas;Plena noite;Decrescente;Chuva;Dupla;Curva;Rural;1;1
83343972;2015-04-19;Domingo;20:00:00;SP;116;224.0;GUARULHOS;Não guardar distância de segurança;Colisão traseira;Sem Vítimas;Plena noite;Decrescente;Chuva;Múltipla;Reta;Urbano;5;5
83343980;2015-04-19;Domingo;16:20:00;SP;116;228.0;SAO PAULO;Outras;Saída de Pista;Sem Vítimas;Pleno dia;Decrescente;Nublado;Múltipla;Reta;Urbano;1;1
83343983;2015-04-19;Domingo;05:50:00;SP;116;111.0;TAUBATE;Outras;Queda de motocicleta / bicicleta / veículo;Com Vítimas Feridas;Amanhecer;Crescente;Ceu Claro;Dupla;Reta;Urbano;1;1
83343984;2015-04-19;Domingo;16:35:00;SP;116;188.6;SANTA ISABEL;Defeito mecânico em veículo;Capotamento;Com Vítimas Feridas;Pleno dia;Decrescente;Nublado;Dupla;Reta;Rural;2;1
83344011;2015-04-19;Domingo;22:00:00;SP;116;213.0;GUARULHOS;Não guardar distância de segurança;Colisão frontal;Sem Vítimas;Plena noite;Decrescente;Chuva;Múltipla;Reta;Urbano;2;2
83344056;2015-04-17;Sexta;10:20:00;SP;116;225.0;GUARULHOS;Falta de atenção;Capotamento;Sem Vítimas;Pleno dia;Decrescente;Sol;Múltipla;Reta;Urbano;1;1
83344059;2015-04-18;Sábado;00:20:00;SP;116;218.0;GUARULHOS;Falta de atenção;Colisão traseira;Com Vítimas Feridas;Plena noite;Crescente;Ceu Claro;Múltipla;Reta;Urbano;2;2
83344072;2015-04-18;Sábado;05:30:00;SP;116;213.0;GUARULHOS;Falta de atenção;Colisão traseira;Sem Vítimas;Amanhecer;Crescente;Ignorada;Múltipla;Reta;Urbano;2;2
83344129;2015-04-17;Sexta;17:15:00;SP;116;113.0;TAUBATE;Não guardar distância de segurança;Colisão traseira;Sem Vítimas;Pleno dia;Decrescente;Nublado;Dupla;Reta;Urbano;3;3
83344145;2015-04-13;Segunda;05:50:00;SP;116;161.0;JACAREI;Outras;Saída de Pista;Sem Vítimas;Amanhecer;Crescente;Ceu Claro;Dupla;Reta;Urbano;1;1
83344150;2015-04-17;Sexta;17:10:00;SP;116;227.0;SAO PAULO;Falta de atenção;Colisão traseira;Sem Vítimas;Pleno dia;Decrescente;Ceu Claro;Múltipla;Reta;Urbano;2;2
83344184;2015-04-17;Sexta;21:30:00;SP;116;209.0;GUARULHOS;Velocidade incompatível;Colisão traseira;Com Vítimas Feridas;Plena noite;Decrescente;Nublado;Simples;Reta;Urbano;2;2
83344213;2015-04-18;Sábado;00:40:00;SP;116;209.0;GUARULHOS;Falta de atenção;Colisão traseira;Sem Vítimas;Plena noite;Decrescente;Nublado;Simples;Reta;Urbano;2;2
83344237;2015-04-17;Sexta;19:12:00;SP;116;227.0;GUARULHOS;Outras;Colisão com objeto fixo;Sem Vítimas;Plena noite;Decrescente;Ceu Claro;Múltipla;Curva;Rural;1;1
83344238;2015-04-17;Sexta;21:00:00;SP;116;212.8;GUARULHOS;Dormindo;Colisão com objeto fixo;Sem Vítimas;Plena noite;Crescente;Nublado;Múltipla;Reta;Urbano;1;1
83344306;2015-04-20;Segunda;15:10:00;SP;116;146.5;SAO JOSE DOS CAMPOS;Defeito mecânico em veículo;Colisão traseira;Sem Vítimas;Pleno dia;Crescente;Ceu Claro;Dupla;Reta;Urbano;3;3
83344310;2015-04-18;Sábado;17:06:00;SP;116;149.5;SAO JOSE DOS CAMPOS;Outras;Capotamento;Com Vítimas Feridas;Pleno dia;Decrescente;Ceu Claro;Dupla;Reta;Urbano;1;1
83344353;2015-04-13;Segunda;10:09:00;SP;116;220.0;GUARULHOS;Falta de atenção;Colisão lateral;Sem Vítimas;Pleno dia;Crescente;Sol;Múltipla;Reta;Urbano;2;2
83344359;2015-04-18;Sábado;01:30:00;SP;116;222.0;GUARULHOS;Falta de atenção;Capotamento;Com Vítimas Feridas;Plena noite;Decrescente;Nublado;Múltipla;Curva;Urbano;2;1
83344388;2015-04-13;Segunda;18:20:00;SP;116;223.0;GUARULHOS;Não guardar distância de segurança;Colisão traseira;Sem Vítimas;Anoitecer;Decrescente;Ceu Claro;Múltipla;Reta;Urbano;2;2
83344420;2015-04-20;Segunda;08:10:00;SP;116;201.0;ARUJA;Outras;Colisão lateral;Sem Vítimas;Pleno dia;Crescente;Sol;Dupla;Reta;Urbano;2;2
83344478;2015-04-20;Segunda;16:30:00;SP;116;142.0;SAO JOSE DOS CAMPOS;Falta de atenção;Colisão traseira;Com Vítimas Feridas;Pleno dia;Decrescente;Ceu Claro;Dupla;Reta;Urbano;2;2
83344497;2015-04-10;Sexta;08:40:00;SP;116;218.0;GUARULHOS;Não guardar distância de segurança;Colisão traseira;Sem Vítimas;Pleno dia;Crescente;Ceu Claro;Múltipla;Reta;Urbano;2;2
83344503;2015-04-17;Sexta;16:50:00;SP;116;224.0;GUARULHOS;Não guardar distância de segurança;Colisão traseira;Sem Vítimas;Pleno dia;Crescente;Ceu Claro;Dupla;Reta;Urbano;3;3
83344528;2015-04-21;Terça;09:30:00;SP;116;157.0;SAO JOSE DOS CAMPOS;Falta de atenção;Colisão lateral;Sem Vítimas;Pleno dia;Decrescente;Ceu Claro;Dupla;Reta;Urbano;2;2
83344569;2015-04-19;Domingo;22:30:00;SP;116;214.0;GUARULHOS;Não guardar distância de segurança;Colisão traseira;Sem Vítimas;Plena noite;Decrescente;Chuva;Múltipla;Reta;Urbano;2;2
83344589;2015-04-20;Segunda;05:10:00;SP;116;207.0;GUARULHOS;Não guardar distância de segurança;Saída de Pista;Sem Vítimas;Amanhecer;Decrescente;Nublado;Dupla;Reta;Urbano;1;1
83344601;2015-04-20;Segunda;00:50:00;SP;116;112.8;TAUBATE;Outras;Colisão traseira;Sem Vítimas;Plena noite;Decrescente;Ignorada;Dupla;Reta;Urbano;2;2
83344616;2015-04-21;Terça;12:00:00;SP;116;121.1;CACAPAVA;Outras;Saída de Pista;Com Vítimas Feridas;Pleno dia;Crescente;Sol;Dupla;Reta;Urbano;1;1
83344624;2015-04-21;Terça;11:10:00;SP;116;139.3;SAO JOSE DOS CAMPOS;Dormindo;Colisão traseira;Sem Vítimas;Pleno dia;Crescente;Nublado;Dupla;Reta;Urbano;2;2
83344675;2015-04-18;Sábado;11:45:00;SP;116;165.0;JACAREI;Falta de atenção;Colisão traseira;Sem Vítimas;Pleno dia;Crescente;Ceu Claro;Múltipla;Reta;Urbano;2;2
83344732;2015-04-18;Sábado;05:10:00;SP;116;210.0;GUARULHOS;Falta de atenção;Colisão traseira;Sem Vítimas;Plena noite;Decrescente;Nublado;Simples;Reta;Urbano;2;2
83344777;2015-04-17;Sexta;18:00:00;SP;116;117.0;TAUBATE;Não guardar distância de segurança;Colisão traseira;Sem Vítimas;Plena noite;Decrescente;Nublado;Dupla;Reta;Rural;3;3
83344870;2015-04-21;Terça;15:30:00;SP;116;107.0;TAUBATE;Não guardar distância de segurança;Colisão traseira;Sem Vítimas;Pleno dia;Crescente;Nublado;Simples;Reta;Urbano;2;2
83344880;2015-04-18;Sábado;09:30:00;SP;116;214.0;GUARULHOS;Ultrapassagem indevida;Colisão traseira;Sem Vítimas;Pleno dia;Crescente;Ceu Claro;Simples;Reta;Urbano;3;3
83344911;2015-04-22;Quarta;07:45:00;SP;116;143.0;SAO JOSE DOS CAMPOS;Não guardar distância de segurança;Colisão traseira;Sem Vítimas;Pleno dia;Crescente;Chuva;Dupla;Reta;Urbano;2;2
83344918;2015-04-18;Sábado;12:30:00;SP;116;221.0;GUARULHOS;Defeito mecânico em veículo;Tombamento;Sem Vítimas;Pleno dia;Crescente;Sol;Múltipla;Reta;Urbano;1;1
83344927;2015-04-19;Domingo;03:00:00;SP;116;108.1;TAUBATE;Outras;Colisão traseira;Com Vítimas Feridas;Plena noite;Decrescente;Nublado;Dupla;Reta;Urbano;2;2
83344931;2015-04-15;Quarta;03:30:00;SP;116;190.7;SANTA ISABEL;Velocidade incompatível;Saída de Pista;Sem Vítimas;Plena noite;Crescente;Ceu Claro;Dupla;Curva;Rural;1;1
83344957;2015-04-18;Sábado;16:40:00;SP;116;207.0;GUARULHOS;Ingestão de álcool;Colisão com objeto fixo;Com Vítimas Feridas;Pleno dia;Crescente;Nublado;Múltipla;Reta;Urbano;2;1
83345006;2015-04-21;Terça;16:00:00;SP;116;113.0;TAUBATE;Não guardar distância de segurança;Colisão traseira;Sem Vítimas;Pleno dia;Crescente;Nublado;Dupla;Reta;Urbano;2;2
83345019;2015-04-22;Quarta;10:53:00;SP;116;147.0;SAO JOSE DOS CAMPOS;Desobediência à sinalização;Colisão traseira;Sem Vítimas;Pleno dia;Crescente;Ceu Claro;Dupla;Reta;Urbano;2;2
83345026;2015-04-20;Segunda;21:45:00;SP;116;225.0;GUARULHOS;Velocidade incompatível;Colisão traseira;Com Vítimas Feridas;Plena noite;Crescente;Nublado;Múltipla;Reta;Urbano;3;2
83345030;2015-04-22;Quarta;13:20:00;SP;116;145.0;SAO JOSE DOS CAMPOS;Outras;Colisão lateral;Sem Vítimas;Pleno dia;Crescente;Nublado;Dupla;Reta;Urbano;2;2
83345040;2015-04-22;Quarta;08:30:00;SP;116;221.0;GUARULHOS;Falta de atenção;Colisão lateral;Com Vítimas Feridas;Pleno dia;Decrescente;Nublado;Múltipla;Reta;Urbano;3;3
83345052;2015-04-15;Quarta;17:00:00;SP;116;185.9;SANTA ISABEL;Outras;Colisão traseira;Sem Vítimas;Anoitecer;Crescente;Ceu Claro;Dupla;Reta;Rural;2;2
83345061;2015-04-22;Quarta;10:50:00;SP;116;191.0;SAO JOSE DOS CAMPOS;Velocidade incompatível;Saída de Pista;Sem Vítimas;Pleno dia;Decrescente;Chuva;Dupla;Curva;Rural;1;1
83345062;2015-04-20;Segunda;06:00:00;SP;116;223.0;GUARULHOS;Falta de atenção;Capotamento;Sem Vítimas;Amanhecer;Decrescente;Nublado;Múltipla;Reta;Urbano;2;2
83345076;2015-04-22;Quarta;11:00:00;SP;116;173.0;JACAREI;Velocidade incompatível;Colisão com objeto fixo;Sem Vítimas;Pleno dia;Crescente;Chuva;Dupla;Curva;Rural;4;4
83345125;2015-04-22;Quarta;18:08:00;SP;116;155.0;SAO JOSE DOS CAMPOS;Outras;Colisão com objeto móvel;Sem Vítimas;Pleno dia;Crescente;Chuva;Dupla;Reta;Urbano;1;1
83345155;2015-04-22;Quarta;19:01:00;SP;116;155.0;SAO JOSE DOS CAMPOS;Outras;Colisão Transversal;Sem Vítimas;Plena noite;Crescente;Chuva;Dupla;Reta;Urbano;2;2
83345181;2015-04-22;Quarta;18:20:00;SP;116;108.0;SAO JOSE DOS CAMPOS;Falta de atenção;Colisão traseira;Sem Vítimas;Plena noite;Crescente;Chuva;Dupla;Curva;Urbano;3;3
83345189;2015-04-22;Quarta;17:00:00;SP;116;225.0;GUARULHOS;Não guardar distância de segurança;Colisão traseira;Sem Vítimas;Pleno dia;Decrescente;Nevoeiro/neblina;Múltipla;Reta;Urbano;3;3
83345278;2015-04-22;Quarta;19:31:00;SP;116;150.0;SAO JOSE DOS CAMPOS;Outras;Colisão traseira;Sem Vítimas;Anoitecer;Crescente;Ceu Claro;Dupla;Reta;Urbano;3;3
83345355;2015-04-23;Quinta;06:22:00;SP;116;145.0;SAO JOSE DOS CAMPOS;Outras;Colisão traseira;Sem Vítimas;Amanhecer;Decrescente;Ceu Claro;Dupla;Reta;Urbano;2;2
83345384;2015-04-19;Domingo;19:15:00;SP;116;223.0;GUARULHOS;Outras;Capotamento;Com Vítimas Feridas;Plena noite;Decrescente;Nublado;Múltipla;Reta;Urbano;2;2
83345417;2015-04-19;Domingo;23:30:00;SP;116;228.8;GUARULHOS;Outras;Colisão com objeto fixo;Ignorado;Plena noite;Crescente;Nublado;Múltipla;Reta;Urbano;1;1
83345454;2015-04-20;Segunda;01:40:00;SP;116;218.6;GUARULHOS;Não guardar distância de segurança;Colisão traseira;Sem Vítimas;Plena noite;Decrescente;Nublado;Múltipla;Reta;Urbano;2;2
83345484;2015-04-23;Quinta;09:15:00;SP;116;159.0;JACAREI;Falta de atenção;Colisão traseira;Sem Vítimas;Pleno dia;Crescente;Nublado;Dupla;Reta;Urbano;2;2
83345493;2015-04-23;Quinta;07:40:00;SP;116;222.7;GUARULHOS;Não guardar distância de segurança;Colisão traseira;Sem Vítimas;Pleno dia;Crescente;Nublado;Múltipla;Reta;Urbano;2;2
83345506;2015-04-23;Quinta;07:30:00;SP;116;219.0;GUARULHOS;Falta de atenção;Queda de motocicleta / bicicleta / veículo;Com Vítimas Feridas;Pleno dia;Crescente;Ceu Claro;Múltipla;Reta;Urbano;1;1
83345552;2015-04-22;Quarta;08:45:00;SP;116;164.0;JACAREI;Outras;Colisão traseira;Sem Vítimas;Pleno dia;Crescente;Chuva;Dupla;Reta;Urbano;2;2
83345564;2015-04-22;Quarta;10:30:00;SP;116;170.0;JACAREI;Outras;Colisão com objeto fixo;Com Vítimas Feridas;Pleno dia;Crescente;Chuva;Dupla;Reta;Rural;3;1
83345570;2015-04-23;Quinta;08:00:00;SP;116;188.7;SANTA ISABEL;Outras;Colisão com objeto fixo;Sem Vítimas;Pleno dia;Crescente;Nublado;Dupla;Reta;Rural;2;2
83345588;2015-04-22;Quarta;11:30:00;SP;116;187.0;SANTA ISABEL;Outras;Colisão com objeto fixo;Sem Vítimas;Pleno dia;Decrescente;Chuva;Dupla;Reta;Rural;1;1
83345610;2015-04-23;Quinta;16:30:00;SP;116;138.0;SAO JOSE DOS CAMPOS;Outras;Queda de motocicleta / bicicleta / veículo;Ignorado;Pleno dia;Crescente;Nublado;Dupla;Reta;Rural;1;1
83345616;2015-04-22;Quarta;12:20:00;SP;116;167.0;JACAREI;Outras;Colisão com objeto fixo;Sem Vítimas;Pleno dia;Decrescente;Chuva;Dupla;Reta;Urbano;1;1
83345646;2015-04-23;Quinta;19:15:00;SP;116;228.0;SAO PAULO;Falta de atenção;Colisão lateral;Sem Vítimas;Plena noite;Crescente;Nublado;Múltipla;Reta;Urbano;2;2
83345697;2015-04-23;Quinta;19:18:00;SP;116;107.4;TAUBATE;Outras;Colisão traseira;Sem Vítimas;Plena noite;Decrescente;Nublado;Múltipla;Reta;Urbano;2;2
83345708;2015-04-20;Segunda;04:30:00;SP;116;148.0;SAO JOSE DOS CAMPOS;Dormindo;Saída de Pista;Sem Vítimas;Plena noite;Crescente;Nevoeiro/neblina;Dupla;Reta;Urbano;1;1
83345711;2015-04-19;Domingo;17:45:00;SP;116;211.0;GUARULHOS;Falta de atenção;Colisão traseira;Com Vítimas Feridas;Pleno dia;Decrescente;Sol;Múltipla;Reta;Urbano;2;2
83345722;2015-04-19;Domingo;23:00:00;SP;116;219.0;GUARULHOS;Outras;Colisão traseira;Sem Vítimas;Plena noite;Decrescente;Ceu Claro;Múltipla;Reta;Urbano;2;2
83345728;2015-04-23;Quinta;19:45:00;SP;116;217.0;GUARULHOS;Falta de atenção;Colisão traseira;Sem Vítimas;Plena noite;Crescente;Ceu Claro;Múltipla;Reta;Urbano;3;3
83345794;2015-04-20;Segunda;20:30:00;SP;116;154.0;SAO JOSE DOS CAMPOS;Outras;Colisão lateral;Sem Vítimas;Plena noite;Decrescente;Nublado;Dupla;Reta;Urbano;2;2
83345866;2015-04-24;Sexta;09:30:00;SP;116;210.6;GUARULHOS;Outras;Colisão traseira;Sem Vítimas;Pleno dia;Crescente;Ceu Claro;Dupla;Reta;Urbano;2;2
83345900;2015-04-21;Terça;18:20:00;SP;116;137.0;SAO JOSE DOS CAMPOS;Não guardar distância de segurança;Colisão com objeto fixo;Sem Vítimas;Plena noite;Crescente;Nublado;Dupla;Reta;Urbano;2;2
83345906;2015-04-20;Segunda;22:00:00;SP;116;102.8;PINDAMONHANGABA;Outras;Colisão traseira;Com Vítimas Feridas;Plena noite;Decrescente;Ceu Claro;Dupla;Reta;Rural;5;2
83345922;2015-04-16;Quinta;18:35:00;SP;116;146.8;SAO JOSE DOS CAMPOS;Falta de atenção;Colisão traseira;Sem Vítimas;Plena noite;Decrescente;Nublado;Simples;Reta;Urbano;3;3
83345971;2015-04-24;Sexta;15:40:00;SP;116;105.0;TAUBATE;Não guardar distância de segurança;Colisão traseira;Sem Vítimas;Pleno dia;Crescente;Sol;Dupla;Reta;Rural;2;2
83345977;2015-04-24;Sexta;12:00:00;SP;116;212.0;GUARULHOS;Outras;Tombamento;Sem Vítimas;Pleno dia;Decrescente;Nublado;Múltipla;Reta;Urbano;1;1
83345985;2015-04-23;Quinta;01:45:00;SP;116;161.0;JACAREI;Falta de atenção;Colisão traseira;Sem Vítimas;Plena noite;Crescente;Nublado;Dupla;Reta;Urbano;2;2
83346003;2015-04-24;Sexta;18:10:00;SP;116;160.0;JACAREI;Outras;Colisão lateral;Com Vítimas Feridas;Plena noite;Decrescente;Nublado;Dupla;Reta;Urbano;2;2
83346085;2015-04-24;Sexta;21:30:00;SP;116;210.0;GUARULHOS;Não guardar distância de segurança;Colisão traseira;Sem Vítimas;Plena noite;Crescente;Ceu Claro;Múltipla;Reta;Urbano;2;2
83346112;2015-04-24;Sexta;13:10:00;SP;116;227.0;GUARULHOS;Falta de atenção;Colisão lateral;Sem Vítimas;Pleno dia;Decrescente;Sol;Múltipla;Reta;Urbano;2;2
83346134;2015-04-25;Sábado;00:10:00;SP;116;135.0;CACAPAVA;Falta de atenção;Colisão traseira;Sem Vítimas;Plena noite;Decrescente;Nublado;Dupla;Reta;Urbano;2;2
83346145;2015-04-25;Sábado;01:10:00;SP;116;142.4;SAO JOSE DOS CAMPOS;Ultrapassagem indevida;Colisão traseira;Sem Vítimas;Plena noite;Decrescente;Nublado;Simples;Reta;Urbano;2;2
83346423;2015-01-25;Domingo;18:03:00;SP;116;226.0;GUARULHOS;Outras;Queda de motocicleta / bicicleta / veículo;Com Vítimas Feridas;Plena noite;Decrescente;Ceu Claro;Múltipla;Reta;Urbano;1;1
83346482;2015-04-22;Quarta;08:30:00;SP;116;221.0;GUARULHOS;Falta de atenção;Colisão lateral;Sem Vítimas;Pleno dia;Crescente;Chuva;Múltipla;Reta;Urbano;2;2
83346568;2015-04-23;Quinta;22:10:00;SP;116;124.9;CACAPAVA;Falta de atenção;Colisão traseira;Sem Vítimas;Plena noite;Crescente;Nublado;Dupla;Reta;Rural;2;2
83346603;2015-04-19;Domingo;05:30:00;SP;116;129.0;CACAPAVA;Outras;Colisão com bicicleta;Com Vítimas Feridas;Amanhecer;Decrescente;Nublado;Dupla;Reta;Urbano;2;2
83346616;2015-04-22;Quarta;08:30:00;SP;116;216.0;GUARULHOS;Outras;Colisão lateral;Sem Vítimas;Pleno dia;Decrescente;Nublado;Múltipla;Reta;Urbano;2;2
83346622;2015-04-22;Quarta;17:25:00;SP;116;215.0;GUARULHOS;Outras;Colisão com objeto fixo;Sem Vítimas;Anoitecer;Crescente;Chuva;Múltipla;Reta;Urbano;2;2
83346630;2015-04-23;Quinta;06:20:00;SP;116;112.3;TAUBATE;Outras;Colisão traseira;Com Vítimas Feridas;Amanhecer;Decrescente;Nublado;Dupla;Reta;Urbano;2;2
83346638;2015-04-23;Quinta;09:30:00;SP;116;180.9;SANTA ISABEL;Defeito mecânico em veículo;Saída de Pista;Sem Vítimas;Pleno dia;Decrescente;Ceu Claro;Dupla;Reta;Rural;1;1
83346707;2015-04-22;Quarta;18:10:00;SP;116;204.0;ARUJA;Não guardar distância de segurança;Colisão traseira;Sem Vítimas;Plena noite;Crescente;Nublado;Simples;Reta;Urbano;2;2
83346804;2015-04-22;Quarta;20:10:00;SP;116;154.0;SAO JOSE DOS CAMPOS;Falta de atenção;Colisão traseira;Com Vítimas Feridas;Pleno dia;Crescente;Chuva;Dupla;Reta;Urbano;2;2
83346986;2015-04-18;Sábado;04:10:00;SP;116;224.0;GUARULHOS;Ingestão de álcool;Saída de Pista;Sem Vítimas;Plena noite;Decrescente;Ceu Claro;Múltipla;Reta;Urbano;1;1
83346989;2015-04-23;Quinta;15:45:00;SP;116;110.3;TAUBATE;Não guardar distância de segurança;Colisão traseira;Sem Vítimas;Pleno dia;Decrescente;Nublado;Dupla;Reta;Urbano;2;2
83347001;2015-04-27;Segunda;09:00:00;SP;116;219.0;GUARULHOS;Falta de atenção;Colisão traseira;Sem Vítimas;Pleno dia;Crescente;Ceu Claro;Múltipla;Reta;Urbano;3;3
83347006;2015-04-27;Segunda;08:10:00;SP;116;214.0;GUARULHOS;Outras;Colisão com objeto fixo;Sem Vítimas;Pleno dia;Crescente;Ceu Claro;Múltipla;Reta;Urbano;1;1
83347053;2015-04-27;Segunda;13:50:00;SP;116;134.4;SAO JOSE DOS CAMPOS;Outras;Colisão lateral;Com Vítimas Feridas;Pleno dia;Decrescente;Ceu Claro;Dupla;Reta;Urbano;2;2
83347056;2015-04-27;Segunda;12:10:00;SP;116;215.0;GUARULHOS;Outras;Colisão com objeto fixo;Sem Vítimas;Pleno dia;Crescente;Ceu Claro;Múltipla;Reta;Urbano;1;1
83347109;2015-04-24;Sexta;07:40:00;SP;116;146.0;SAO JOSE DOS CAMPOS;Defeito mecânico em veículo;Colisão traseira;Sem Vítimas;Pleno dia;Decrescente;Nublado;Dupla;Reta;Urbano;3;3
83347180;2015-04-27;Segunda;10:00:00;SP;116;229.0;GUARULHOS;Falta de atenção;Colisão traseira;Sem Vítimas;Pleno dia;Crescente;Sol;Múltipla;Reta;Urbano;2;2
83347185;2015-04-27;Segunda;15:36:00;SP;116;212.0;GUARULHOS;Outras;Colisão traseira;Com Vítimas Feridas;Pleno dia;Decrescente;Ceu Claro;Múltipla;Reta;Urbano;2;2
83347186;2015-04-26;Domingo;00:30:00;SP;116;211.0;GUARULHOS;Outras;Colisão traseira;Sem Vítimas;Plena noite;Crescente;Ignorada;Múltipla;Reta;Urbano;8;8
83347192;2015-04-26;Domingo;05:20:00;SP;116;205.0;ARUJA;Outras;Atropelamento de pessoa;Com Vítimas Fatais;Plena noite;Crescente;Chuva;Dupla;Reta;Urbano;2;1
83347215;2015-04-27;Segunda;17:30:00;SP;116;208.8;GUARULHOS;Falta de atenção;Atropelamento de pessoa;Com Vítimas Feridas;Anoitecer;Crescente;Ceu Claro;Dupla;Reta;Urbano;2;1
83347218;2015-04-25;Sábado;12:05:00;SP;116;220.0;GUARULHOS;Não guardar distância de segurança;Colisão lateral;Com Vítimas Feridas;Pleno dia;Crescente;Ceu Claro;Múltipla;Reta;Urbano;2;2
83347328;2015-04-24;Sexta;11:30:00;SP;116;227.0;GUARULHOS;Outras;Colisão com objeto fixo;Com Vítimas Fatais;Pleno dia;Decrescente;Ceu Claro;Múltipla;Reta;Urbano;2;1
83347355;2015-04-24;Sexta;18:20:00;SP;116;148.0;SAO JOSE DOS CAMPOS;Outras;Colisão lateral;Sem Vítimas;Anoitecer;Decrescente;Ceu Claro;Simples;Reta;Rural;2;2
83347376;2015-04-25;Sábado;05:00:00;SP;116;159.0;JACAREI;Falta de atenção;Saída de Pista;Sem Vítimas;Amanhecer;Crescente;Ceu Claro;Simples;Reta;Rural;1;1
83347378;2015-04-27;Segunda;10:10:00;SP;116;224.0;GUARULHOS;Falta de atenção;Colisão traseira;Sem Vítimas;Pleno dia;Decrescente;Ceu Claro;Múltipla;Reta;Urbano;2;2
83347387;2015-04-26;Domingo;06:20:00;SP;116;212.0;GUARULHOS;Outras;Atropelamento de animal;Sem Vítimas;Amanhecer;Decrescente;Ceu Claro;Múltipla;Reta;Urbano;1;1
83347461;2015-04-28;Terça;11:30:00;SP;116;226.0;GUARULHOS;Não guardar distância de segurança;Colisão traseira;Sem Vítimas;Pleno dia;Crescente;Ceu Claro;Múltipla;Reta;Urbano;4;4