id;data_inversa;dia_semana;horario;uf;br;km;municipio;causa_acidente;tipo_acidente;classificacao_acidente;fase_dia;sentido_via;condicao_metereologica;tipo_pista;tracado_via;uso_solo;pessoas;veiculos
83347479;2015-04-28;Terça;08:00:00;SP;116;214.0;GUARULHOS;Falta de atenção;Colisão traseira;Sem Vítimas;Pleno dia;Crescente;Sol;Dupla;Reta;Urbano;2;2
83347491;2015-04-28;Terça;15:00:00;SP;116;227.0;SAO PAULO;Falta de atenção;Colisão traseira;Sem Vítimas;Pleno dia;Decrescente;Nublado;Múltipla;Reta;Urbano;2;2
83347494;2015-04-28;Terça;15:40:00;SP;116;165.0;JACAREI;Não guardar distância de segurança;Colisão traseira;Sem Vítimas;Pleno dia;Crescente;Sol;Dupla;Reta;Rural;2;2
83347544;2015-04-28;Terça;16:20:00;SP;116;146.7;SAO JOSE DOS CAMPOS;Não guardar distância de segurança;Colisão traseira;Sem Vítimas;Pleno dia;Decrescente;Sol;Dupla;Reta;Urbano;3;3
83347588;2015-04-28;Terça;19:00:00;SP;116;159.0;JACAREI;Outras;Colisão com objeto fixo;Sem Vítimas;Plena noite;Decrescente;Ceu Claro;Dupla;Reta;Urbano;1;1
83347594;2015-04-28;Terça;19:10:00;SP;116;226.0;GUARULHOS;Defeito mecânico em veículo;Colisão com objeto móvel;Sem Vítimas;Plena noite;Crescente;Nublado;Múltipla;Reta;Urbano;2;2
83347622;2015-04-28;Terça;12:30:00;SP;116;212.0;GUARULHOS;Não guardar distância de segurança;Colisão traseira;Com Vítimas Feridas;Pleno dia;Crescente;Sol;Múltipla;Reta;Urbano;2;2
83347625;2015-04-24;Sexta;18:00:00;SP;116;114.9;TAUBATE;Não guardar distância de segurança;Colisão traseira;Com Vítimas Feridas;Anoitecer;Decrescente;Nublado;Dupla;Reta;Urbano;3;3
83347845;2015-04-29;Quarta;10:10:00;SP;116;185.9;SANTA ISABEL;Outras;Atropelamento de pessoa;Com Vítimas Feridas;Pleno dia;Crescente;Sol;Dupla;Reta;Rural;2;1
83347934;2015-04-25;Sábado;07:40:00;SP;116;165.0;JACAREI;Falta de atenção;Colisão traseira;Sem Vítimas;Pleno dia;Decrescente;Nublado;Dupla;Reta;Urbano;2;2
83347935;2015-04-29;Quarta;18:00:00;SP;116;112.1;TAUBATE;Falta de atenção;Colisão lateral;Com Vítimas Feridas;Anoitecer;Decrescente;Nublado;Dupla;Reta;Urbano;3;3
83347962;2015-04-29;Quarta;19:30:00;SP;116;225.7;GUARULHOS;Falta de atenção;Colisão lateral;Sem Vítimas;Plena noite;Decrescente;Nublado;Múltipla;Reta;Urbano;4;4
83347973;2015-04-29;Quarta;14:20:00;SP;116;223.7;GUARULHOS;Outras;Colisão lateral;Com Vítimas Feridas;Plena noite;Decrescente;Sol;Múltipla;Reta;Urbano;3;2
83348113;2015-04-25;Sábado;18:50:00;SP;116;145.9;SAO JOSE DOS CAMPOS;Outras;Capotamento;Sem Vítimas;Anoitecer;Crescente;Ceu Claro;Simples;Reta;Rural;1;1
83348129;2015-04-25;Sábado;06:30:00;SP;116;227.0;SAO PAULO;Não guardar distância de segurança;Colisão lateral;Sem Vítimas;Pleno dia;Crescente;Ceu Claro;Múltipla;Reta;Urbano;2;2
83348152;2015-04-26;Domingo;12:00:00;SP;116;209.0;GUARULHOS;Outras;Atropelamento de pessoa;Com Vítimas Feridas;Pleno dia;Decrescente;Sol;Dupla;Reta;Urbano;2;1
83348158;2015-04-22;Quarta;21:00:00;SP;116;224.0;GUARULHOS;Outras;Colisão traseira;Com Vítimas Fatais;Plena noite;Decrescente;Nublado;Múltipla;Reta;Urbano;3;2
83348214;2015-04-26;Domingo;17:30:00;SP;116;119.0;TAUBATE;Ingestão de álcool;Colisão traseira;Sem Vítimas;Pleno dia;Decrescente;Nublado;Dupla;Reta;Urbano;2;2
83348218;2015-04-28;Terça;18:50:00;SP;116;227.0;GUARULHOS;Falta de atenção;Colisão lateral;Com Vítimas Feridas;Plena noite;Decrescente;Ceu Claro;Múltipla;Reta;Urbano;4;4
83348255;2015-04-26;Domingo;11:50:00;SP;116;129.7;CACAPAVA;Falta de atenção;Colisão traseira;Com Vítimas Feridas;Pleno dia;Crescente;Nublado;Dupla;Reta;Urbano;8;4
83348265;2015-04-26;Domingo;17:30:00;SP;116;198.0;ARUJA;Ingestão de álcool;Colisão lateral;Sem Vítimas;Anoitecer;Crescente;Nublado;Dupla;Reta;Urbano;2;2
83348267;2015-04-26;Domingo;14:00:00;SP;116;209.0;GUARULHOS;Ingestão de álcool;Colisão lateral;Com Vítimas Feridas;Pleno dia;Crescente;Sol;Simples;Reta;Urbano;2;2
83348355;2015-04-30;Quinta;15:00:00;SP;116;210.0;GUARULHOS;Não guardar distância de segurança;Colisão traseira;Sem Vítimas;Pleno dia;Decrescente;Nublado;Dupla;Reta;Urbano;3;2
83348450;2015-04-30;Quinta;18:30:00;SP;116;218.0;GUARULHOS;Não guardar distância de segurança;Colisão traseira;Com Vítimas Feridas;Plena noite;Crescente;Ceu Claro;Múltipla;Reta;Urbano;2;2
83348453;2015-04-30;Quinta;17:20:00;SP;116;223.0;GUARULHOS;Não guardar distância de segurança;Colisão lateral;Com Vítimas Feridas;Anoitecer;Decrescente;Ceu Claro;Múltipla;Reta;Urbano;2;2
83348529;2015-04-30;Quinta;19:00:00;SP;116;175.0;GUARAREMA;Outras;Colisão lateral;Sem Vítimas;Plena noite;Crescente;Nublado;Dupla;Curva;Rural;2;2
83348535;2015-05-01;Sexta;05:50:00;SP;116;154.0;SAO JOSE DOS CAMPOS;Outras;Colisão traseira;Sem Vítimas;Amanhecer;Crescente;Ceu Claro;Múltipla;Reta;Urbano;2;2
83348541;2015-04-28;Terça;18:00:00;SP;116;155.0;SAO JOSE DOS CAMPOS;Defeito mecânico em veículo;Colisão com objeto móvel;Sem Vítimas;Anoitecer;Decrescente;Ceu Claro;Dupla;Reta;Rural;2;2
83348574;2015-05-01;Sexta;08:00:00;SP;116;139.1;SAO JOSE DOS CAMPOS;Não guardar distância de segurança;Colisão traseira;Sem Vítimas;Pleno dia;Decrescente;Sol;Dupla;Reta;Urbano;4;4
83348598;2015-04-28;Terça;05:30:00;SP;116;165.0;JACAREI;Não guardar distância de segurança;Colisão traseira;Sem Vítimas;Plena noite;Decrescente;Nevoeiro/neblina;Simples;Reta;Urbano;2;2
83348615;2015-04-28;Terça;13:37:00;SP;116;219.0;GUARULHOS;Falta de atenção;Queda de motocicleta / bicicleta / veículo;Com Vítimas Feridas;Pleno dia;Crescente;Ceu Claro;Múltipla;Curva;Urbano;1;1
83348642;2015-05-01;Sexta;07:30:00;SP;116;113.1;TAUBATE;Não guardar distância de segurança;Colisão traseira;Sem Vítimas;Pleno dia;Decrescente;Sol;Dupla;Reta;Urbano;5;5
83348656;2015-05-01;Sexta;12:42:00;SP;116;135.0;SAO JOSE DOS CAMPOS;Não guardar distância de segurança;Colisão traseira;Com Vítimas Feridas;Pleno dia;Decrescente;Sol;Dupla;Reta;Urbano;7;3
83348660;2015-05-01;Sexta;09:00:00;SP;116;144.0;SAO JOSE DOS CAMPOS;Defeito mecânico em veículo;Colisão traseira;Sem Vítimas;Pleno dia;Decrescente;Ceu Claro;Simples;Reta;Urbano;3;3
83348686;2015-05-01;Sexta;09:20:00;SP;116;109.2;TAUBATE;Outras;Colisão com objeto fixo;Sem Vítimas;Pleno dia;Crescente;Sol;Dupla;Reta;Urbano;1;1
83348687;2015-05-01;Sexta;09:15:00;SP;116;146.5;SAO JOSE DOS CAMPOS;Não guardar distância de segurança;Colisão lateral;Sem Vítimas;Pleno dia;Decrescente;Ceu Claro;Dupla;Reta;Urbano;2;2
83348690;2015-04-22;Quarta;20:30:00;SP;116;219.0;GUARULHOS;Falta de atenção;Colisão lateral;Sem Vítimas;Plena noite;Decrescente;Ceu Claro;Múltipla;Reta;Urbano;2;2
83348762;2015-04-26;Domingo;17:30:00;SP;116;204.0;GUARULHOS;Outras;Colisão traseira;Sem Vítimas;Pleno dia;Crescente;Nublado;Dupla;Reta;Urbano;2;2
83348780;2015-05-01;Sexta;18:07:00;SP;116;146.9;SAO JOSE DOS CAMPOS;Ingestão de álcool;Capotamento;Sem Vítimas;Plena noite;Crescente;Nublado;Simples;Reta;Urbano;1;1
83348812;2015-04-28;Terça;10:50:00;SP;116;180.0;GUARAREMA;Não guardar distância de segurança;Colisão traseira;Sem Vítimas;Pleno dia;Decrescente;Sol;Dupla;Reta;Rural;2;2
83348825;2015-04-28;Terça;17:00:00;SP;116;148.0;SAO JOSE DOS CAMPOS;Outras;Capotamento;Sem Vítimas;Pleno dia;Decrescente;Sol;Dupla;Reta;Urbano;1;1
83348837;2015-05-01;Sexta;10:10:00;SP;116;146.8;SAO JOSE DOS CAMPOS;Falta de atenção;Colisão traseira;Com Vítimas Feridas;Pleno dia;Decrescente;Ceu Claro;Dupla;Reta;Urbano;3;2
83348843;2015-04-17;Sexta;22:50:00;SP;116;208.0;GUARULHOS;Falta de atenção;Colisão traseira;Sem Vítimas;Plena noite;Crescente;Ceu Claro;Dupla;Reta;Urbano;2;2
83348859;2015-05-01;Sexta;16:45:00;SP;116;154.0;SAO JOSE DOS CAMPOS;Defeito mecânico em veículo;Tombamento;Com Vítimas Feridas;Pleno dia;Crescente;Ceu Claro;Dupla;Reta;Rural;3;2
83348878;2015-05-01;Sexta;23:24:00;SP;116;216.0;GUARULHOS;Outras;Colisão com objeto fixo;Sem Vítimas;Plena noite;Crescente;Nublado;Múltipla;Reta;Urbano;1;1
83348954;2015-05-01;Sexta;22:05:00;SP;116;210.0;GUARULHOS;Outras;Colisão com objeto fixo;Sem Vítimas;Plena noite;Decrescente;Nevoeiro/neblina;Simples;Reta;Urbano;1;1
83349061;2015-05-02;Sábado;11:30:00;SP;116;226.0;GUARULHOS;Ultrapassagem indevida;Colisão com objeto fixo;Com Vítimas Feridas;Pleno dia;Crescente;Sol;Múltipla;Reta;Urbano;2;1
83349110;2015-05-02;Sábado;17:25:00;SP;116;134.5;SAO JOSE DOS CAMPOS;Falta de atenção;Colisão traseira;Sem Vítimas;Anoitecer;Crescente;Ceu Claro;Dupla;Reta;Urbano;4;4
83349170;2015-05-02;Sábado;11:40:00;SP;116;172.9;JACAREI;Outras;Colisão com bicicleta;Com Vítimas Feridas;Pleno dia;Crescente;Sol;Dupla;Reta;Rural;2;2
83349256;2015-05-02;Sábado;22:50:00;SP;116;167.0;JACAREI;Outras;Colisão lateral;Sem Vítimas;Plena noite;Decrescente;Nublado;Dupla;Reta;Rural;2;2
83349269;2015-05-03;Domingo;01:20:00;SP;116;101.1;PINDAMONHANGABA;Outras;Colisão traseira;Com Vítimas Feridas;Plena noite;Decrescente;Ceu Claro;Dupla;Reta;Urbano;3;2
83349339;2015-04-30;Quinta;05:00:00;SP;116;219.0;GUARULHOS;Outras;Incêndio;Sem Vítimas;Amanhecer;Decrescente;Nublado;Múltipla;Reta;Urbano;1;1
83349373;2015-04-28;Terça;14:10:00;SP;116;151.0;SAO JOSE DOS CAMPOS;Desobediência à sinalização;Colisão com objeto fixo;Sem Vítimas;Pleno dia;Decrescente;Ceu Claro;Dupla;Reta;Urbano;1;1
83349394;2015-04-28;Terça;17:20:00;SP;116;149.5;SAO JOSE DOS CAMPOS;Outras;Colisão traseira;Sem Vítimas;Anoitecer;Decrescente;Ceu Claro;Dupla;Reta;Urbano;3;3
83349478;2015-05-03;Domingo;16:05:00;SP;116;217.0;GUARULHOS;Outras;Colisão lateral;Sem Vítimas;Pleno dia;Decrescente;Nublado;Simples;Reta;Urbano;2;2
83349481;2015-05-03;Domingo;09:05:00;SP;116;202.0;ARUJA;Outras;Colisão traseira;Sem Vítimas;Pleno dia;Decrescente;Ceu Claro;Múltipla;Reta;Urbano;2;2
83349495;2015-04-29;Quarta;16:40:00;SP;116;196.0;ARUJA;Outras;Colisão com objeto fixo;Sem Vítimas;Pleno dia;Crescente;Nublado;Simples;Reta;Urbano;2;2
83349550;2015-04-29;Quarta;08:00:00;SP;116;229.0;SAO PAULO;Outras;Colisão lateral;Sem Vítimas;Pleno dia;Crescente;Ceu Claro;Múltipla;Reta;Urbano;2;2
83349555;2015-05-03;Domingo;18:30:00;SP;116;188.8;SANTA ISABEL;Falta de atenção;Colisão traseira;Com Vítimas Feridas;Plena noite;Crescente;Ceu Claro;Dupla;Reta;Urbano;3;2
83349567;2015-04-29;Quarta;17:50:00;SP;116;217.0;GUARULHOS;Outras;Queda de motocicleta / bicicleta / veículo;Com Vítimas Feridas;Anoitecer;Decrescente;Ceu Claro;Múltipla;Reta;Urbano;1;1
83349571;2015-04-30;Quinta;08:00:00;SP;116;228.0;SAO PAULO;Falta de atenção;Colisão lateral;Sem Vítimas;Pleno dia;Crescente;Nublado;Múltipla;Reta;Urbano;2;2
83349716;2015-05-04;Segunda;06:00:00;SP;116;179.5;GUARAREMA;Não guardar distância de segurança;Colisão traseira;Com Vítimas Feridas;Amanhecer;Decrescente;Ceu Claro;Dupla;Reta;Urbano;2;2
83349731;2015-05-04;Segunda;08:30:00;SP;116;211.0;GUARULHOS;Falta de atenção;Colisão traseira;Sem Vítimas;Pleno dia;Decrescente;Nublado;Múltipla;Reta;Urbano;2;2
83349769;2015-05-01;Sexta;08:10:00;SP;116;113.3;TAUBATE;Outras;Colisão traseira;Sem Vítimas;Pleno dia;Decrescente;Ceu Claro;Dupla;Reta;Urbano;2;2
83349788;2015-04-30;Quinta;18:00:00;SP;116;111.8;TAUBATE;Falta de atenção;Colisão lateral;Com Vítimas Feridas;Plena noite;Decrescente;Ceu Claro;Dupla;Reta;Urbano;2;2
83349821;2015-04-09;Quinta;18:45:00;SP;116;159.7;JACAREI;Falta de atenção;Colisão lateral;Sem Vítimas;Plena noite;Decrescente;Ceu Claro;Dupla;Reta;Urbano;2;2
83349824;2015-05-03;Domingo;19:00:00;SP;116;104.0;TAUBATE;Outras;Colisão com objeto fixo;Sem Vítimas;Plena noite;Decrescente;Ceu Claro;Simples;Reta;Rural;1;1
83349902;2015-05-04;Segunda;13:50:00;SP;116;146.0;SAO JOSE DOS CAMPOS;Falta de atenção;Colisão com objeto fixo;Sem Vítimas;Pleno dia;Decrescente;Nublado;Simples;Curva;Urbano;1;1
83349924;2015-04-30;Quinta;15:15:00;SP;116;210.0;GUARULHOS;Velocidade incompatível;Colisão traseira;Sem Vítimas;Pleno dia;Crescente;Nublado;Múltipla;Reta;Urbano;4;4
83350000;2015-05-04;Segunda;16:30:00;SP;116;142.0;SAO JOSE DOS CAMPOS;Outras;Derramamento de Carga;Sem Vítimas;Pleno dia;Crescente;Nublado;Dupla;Reta;Urbano;3;3
83350018;2015-05-02;Sábado;04:00:00;SP;116;224.0;GUARULHOS;Dormindo;Saída de Pista;Sem Vítimas;Plena noite;Decrescente;Nublado;Múltipla;Reta;Urbano;1;1
83350110;2015-05-04;Segunda;21:00:00;SP;116;226.0;GUARULHOS;Outras;Colisão traseira;Sem Vítimas;Plena noite;Decrescente;Chuva;Múltipla;Reta;Urbano;2;2
83350172;2015-05-04;Segunda;11:10:00;SP;116;218.0;GUARULHOS;Não guardar distância de segurança;Colisão traseira;Sem Vítimas;Pleno dia;Crescente;Chuva;Múltipla;Reta;Urbano;2;2
83350174;2015-05-04;Segunda;23:20:00;SP;116;220.0;GUARULHOS;Defeito mecânico em veículo;Colisão traseira;Sem Vítimas;Plena noite;Decrescente;Chuva;Múltipla;Reta;Urbano;2;2
83350192;2015-05-04;Segunda;12:00:00;SP;116;147.7;SAO JOSE DOS CAMPOS;Velocidade incompatível;Colisão com objeto fixo;Sem Vítimas;Pleno dia;Crescente;Chuva;Dupla;Reta;Urbano;1;1
83350214;2015-04-26;Domingo;07:50:00;SP;116;141.5;SAO JOSE DOS CAMPOS;Dormindo;Colisão com objeto fixo;Sem Vítimas;Amanhecer;Decrescente;Nublado;Simples;Reta;Urbano;1;1
83350230;2015-05-04;Segunda;18:50:00;SP;116;149.6;SAO JOSE DOS CAMPOS;Falta de atenção;Colisão lateral;Com Vítimas Feridas;Plena noite;Crescente;Ceu Claro;Múltipla;Reta;Urbano;2;2
83350240;2015-04-26;Domingo;00:30:00;SP;116;227.0;GUARULHOS;Outras;Colisão traseira;Sem Vítimas;Plena noite;Decrescente;Chuva;Simples;Curva;Urbano;2;2
83350256;2015-04-30;Quinta;17:50:00;SP;116;116.2;TAUBATE;Falta de atenção;Colisão traseira;Sem Vítimas;Plena noite;Decrescente;Chuva;Dupla;Reta;Urbano;2;2
83350263;2015-03-16;Segunda;07:05:00;SP;116;209.0;GUARULHOS;Outras;Colisão traseira;Com Vítimas Feridas;Pleno dia;Crescente;Nublado;Simples;Reta;Urbano;2;2
83350311;2015-05-01;Sexta;20:30:00;SP;116;224.0;GUARULHOS;Ingestão de álcool;Colisão lateral;Sem Vítimas;Plena noite;Crescente;Nublado;Múltipla;Reta;Urbano;2;2
83350415;2015-05-05;Terça;18:18:00;SP;116;164.0;JACAREI;Falta de atenção;Colisão lateral;Sem Vítimas;Plena noite;Decrescente;Ceu Claro;Dupla;Reta;Rural;2;2
83350588;2015-04-28;Terça;18:45:00;SP;116;162.0;JACAREI;Falta de atenção;Colisão lateral;Sem Vítimas;Plena noite;Decrescente;Ceu Claro;Dupla;Reta;Urbano;2;2
83350624;2015-04-29;Quarta;05:20:00;SP;116;187.1;SANTA ISABEL;Outras;Atropelamento de pessoa;Com Vítimas Feridas;Plena noite;Crescente;Ceu Claro;Dupla;Curva;Rural;2;1
83350655;2015-05-03;Domingo;19:20:00;SP;116;131.0;CACAPAVA;Não guardar distância de segurança;Colisão traseira;Sem Vítimas;Plena noite;Crescente;Nublado;Dupla;Reta;Rural;3;3
83350693;2015-04-26;Domingo;16:20:00;SP;116;213.0;GUARULHOS;Defeito mecânico em veículo;Colisão traseira;Sem Vítimas;Pleno dia;Crescente;Ceu Claro;Múltipla;Reta;Urbano;2;2
83350715;2015-04-18;Sábado;18:00:00;SP;116;157.0;SAO JOSE DOS CAMPOS;Outras;Colisão traseira;Com Vítimas Feridas;Plena noite;Crescente;Nublado;Dupla;Reta;Urbano;2;2
83350814;2015-05-02;Sábado;14:30:00;SP;116;229.0;SAO PAULO;Falta de atenção;Colisão com objeto fixo;Sem Vítimas;Pleno dia;Decrescente;Sol;Dupla;Reta;Urbano;1;1
83350870;2015-05-06;Quarta;07:00:00;SP;116;211.0;GUARULHOS;Falta de atenção;Tombamento;Sem Vítimas;Pleno dia;Decrescente;Nublado;Múltipla;Curva;Urbano;1;1
83350940;2015-05-06;Quarta;18:40:00;SP;116;210.0;GUARULHOS;Falta de atenção;Colisão lateral;Sem Vítimas;Plena noite;Decrescente;Ceu Claro;Múltipla;Reta;Urbano;2;2
83350967;2015-05-06;Quarta;18:35:00;SP;116;222.0;GUARULHOS;Não guardar distância de segurança;Colisão traseira;Sem Vítimas;Anoitecer;Decrescente;Ceu Claro;Múltipla;Reta;Urbano;2;2
83350985;2015-05-06;Quarta;21:45:00;SP;116;212.0;GUARULHOS;Falta de atenção;Colisão lateral;Sem Vítimas;Plena noite;Decrescente;Ceu Claro;Múltipla;Reta;Urbano;2;2
83351081;2015-05-04;Segunda;06:45:00;SP;116;207.0;GUARULHOS;Outras;Colisão traseira;Sem Vítimas;Pleno dia;Crescente;Sol;Múltipla;Reta;Urbano;2;2
83351100;2015-05-06;Quarta;14:00:00;SP;116;211.7;GUARULHOS;Dormindo;Colisão traseira;Sem Vítimas;Pleno dia;Decrescente;Ceu Claro;Múltipla;Reta;Urbano;2;2
83351201;2015-04-23;Quinta;17:25:00;SP;116;217.0;GUARULHOS;Defeito mecânico em veículo;Queda de motocicleta / bicicleta / veículo;Com Vítimas Feridas;Anoitecer;Crescente;Ceu Claro;Múltipla;Reta;Urbano;1;1
83351207;2015-04-25;Sábado;19:02:00;SP;116;219.0;GUARULHOS;Outras;Atropelamento de pessoa;Com Vítimas Feridas;Plena noite;Decrescente;Ceu Claro;Múltipla;Reta;Urbano;4;1
83351208;2015-05-04;Segunda;03:00:00;SP;116;144.5;SAO JOSE DOS CAMPOS;Outras;Colisão traseira;Com Vítimas Feridas;Amanhecer;Decrescente;Ceu Claro;Dupla;Reta;Urbano;3;2
83351209;2015-05-04;Segunda;00:02:00;SP;116;102.0;PINDAMONHANGABA;Animais na Pista;Atropelamento de animal;Sem Vítimas;Plena noite;Crescente;Ceu Claro;Dupla;Reta;Rural;1;1
83351237;2015-04-07;Terça;12:20:00;SP;116;102.0;PINDAMONHANGABA;Defeito na via;Colisão com objeto fixo;Sem Vítimas;Pleno dia;Decrescente;Sol;Dupla;Reta;Rural;1;1
83351241;2015-05-04;Segunda;06:15:00;SP;116;146.0;SAO JOSE DOS CAMPOS;Outras;Colisão traseira;Com Vítimas Feridas;Amanhecer;Decrescente;Ceu Claro;Dupla;Reta;Urbano;4;4
83351305;2015-05-07;Quinta;15:30:00;SP;116;133.0;CACAPAVA;Defeito mecânico em veículo;Colisão com objeto móvel;Com Vítimas Feridas;Pleno dia;Decrescente;Sol;Dupla;Reta;Urbano;2;2
83351347;2015-05-07;Quinta;07:40:00;SP;116;220.0;GUARULHOS;Outras;Colisão traseira;Sem Vítimas;Pleno dia;Decrescente;Ceu Claro;Múltipla;Reta;Urbano;2;2
83351363;2015-05-07;Quinta;18:50:00;SP;116;212.0;GUARULHOS;Falta de atenção;Colisão lateral;Sem Vítimas;Anoitecer;Decrescente;Chuva;Múltipla;Reta;Urbano;2;2
83351394;2015-05-07;Quinta;13:50:00;SP;116;215.0;GUARULHOS;Outras;Colisão traseira;Sem Vítimas;Pleno dia;Crescente;Nublado;Simples;Reta;Urbano;2;2
83351463;2015-05-04;Segunda;05:40:00;SP;116;213.0;GUARULHOS;Defeito mecânico em veículo;Colisão traseira;Sem Vítimas;Amanhecer;Crescente;Ceu Claro;Múltipla;Reta;Urbano;2;2
83351464;2015-04-25;Sábado;19:10:00;SP;116;219.0;GUARULHOS;Falta de atenção;Colisão com objeto fixo;Sem Vítimas;Plena noite;Crescente;Ceu Claro;Simples;Reta;Urbano;1;1
83351492;2015-05-07;Quinta;13:00:00;SP;116;110.1;TAUBATE;Animais na Pista;Atropelamento de animal;Sem Vítimas;Pleno dia;Decrescente;Sol;Dupla;Reta;Urbano;1;1
83351535;2015-05-04;Segunda;17:00:00;SP;116;202.0;ARUJA;Velocidade incompatível;Colisão lateral;Com Vítimas Feridas;Pleno dia;Crescente;Nublado;Simples;Reta;Urbano;3;3
83351612;2015-05-04;Segunda;22:36:00;SP;116;146.8;SAO JOSE DOS CAMPOS;Falta de atenção;Colisão lateral;Com Vítimas Feridas;Plena noite;Decrescente;Chuva;Dupla;Reta;Urbano;4;3
83351631;2015-04-30;Quinta;07:50:00;SP;116;218.9;GUARULHOS;Não guardar distância de segurança;Colisão lateral;Com Vítimas Feridas;Pleno dia;Crescente;Nublado;Múltipla;Reta;Urbano;3;3
83351652;2015-05-06;Quarta;05:15:00;SP;116;194.4;ARUJA;Falta de atenção;Colisão com objeto fixo;Sem Vítimas;Plena noite;Decrescente;Nublado;Múltipla;Reta;Urbano;1;1
83351656;2015-05-08;Sexta;13:30:00;SP;116;126.6;CACAPAVA;Falta de atenção;Colisão traseira;Com Vítimas Feridas;Pleno dia;Decrescente;Nublado;Dupla;Reta;Urbano;3;2
83351661;2015-05-08;Sexta;13:57:00;SP;116;144.4;SAO JOSE DOS CAMPOS;Não guardar distância de segurança;Colisão traseira;Sem Vítimas;Pleno dia;Crescente;Nublado;Simples;Reta;Rural;2;2
83351756;2015-05-04;Segunda;20:50:00;SP;116;212.6;GUARULHOS;Outras;Queda de motocicleta / bicicleta / veículo;Sem Vítimas;Plena noite;Decrescente;Nublado;Múltipla;Reta;Urbano;3;3
83351810;2015-05-06;Quarta;18:45:00;SP;116;155.0;SAO JOSE DOS CAMPOS;Falta de atenção;Colisão lateral;Sem Vítimas;Plena noite;Crescente;Nublado;Dupla;Reta;Urbano;2;2
83351916;2015-05-08;Sexta;23:30:00;SP;116;227.0;GUARULHOS;Outras;Colisão traseira;Sem Vítimas;Plena noite;Decrescente;Ceu Claro;Múltipla;Curva;Urbano;2;2
83351955;2015-05-09;Sábado;04:00:00;SP;116;135.0;SAO JOSE DOS CAMPOS;Não guardar distância de segurança;Colisão traseira;Sem Vítimas;Plena noite;Crescente;Ceu Claro;Dupla;Reta;Urbano;2;2
83351968;2015-05-05;Terça;05:25:00;SP;116;146.0;SAO JOSE DOS CAMPOS;Falta de atenção;Colisão traseira;Sem Vítimas;Amanhecer;Decrescente;Nublado;Dupla;Reta;Urbano;2;2
83351990;2015-04-17;Sexta;18:30:00;SP;116;219.0;GUARULHOS;Falta de atenção;Colisão lateral;Sem Vítimas;Anoitecer;Crescente;Ceu Claro;Múltipla;Reta;Urbano;2;2
83352029;2015-05-07;Quinta;19:00:00;SP;116;219.9;GUARULHOS;Outras;Queda de motocicleta / bicicleta / veículo;Com Vítimas Feridas;Plena noite;Crescente;Chuva;Múltipla;Reta;Urbano;1;1
83352035;2015-04-30;Quinta;15:35:00;SP;116;210.5;GUARULHOS;Falta de atenção;Colisão traseira;Sem Vítimas;Pleno dia;Crescente;Ceu Claro;Dupla;Reta;Urbano;2;2
83352049;2015-05-05;Terça;22:00:00;SP;116;210.0;GUARULHOS;Ultrapassagem indevida;Colisão lateral;Sem Vítimas;Pleno dia;Crescente;Sol;Múltipla;Reta;Urbano;2;2
83352053;2015-05-09;Sábado;08:40:00;SP;116;209.0;GUARULHOS;Não guardar distância de segurança;Colisão lateral;Sem Vítimas;Pleno dia;Crescente;Ceu Claro;Múltipla;Reta;Urbano;3;3
83352108;2015-05-09;Sábado;09:00:00;SP;116;210.0;GUARULHOS;Não guardar distância de segurança;Colisão traseira;Sem Vítimas;Pleno dia;Crescente;Ceu Claro;Dupla;Reta;Urbano;3;3
83352129;2015-02-11;Quarta;00:00:00;SP;116;219.0;GUARULHOS;Outras;Colisão traseira;Com Vítimas Feridas;Plena noite;Decrescente;Ceu Claro;Múltipla;Reta;Urbano;3;2
83352151;2015-05-09;Sábado;12:10:00;SP;116;100.7;PINDAMONHANGABA;Não guardar distância de segurança;Capotamento;Sem Vítimas;Pleno dia;Decrescente;Sol;Dupla;Reta;Urbano;1;1
83352161;2015-05-09;Sábado;15:30:00;SP;116;219.0;GUARULHOS;Falta de atenção;Colisão traseira;Sem Vítimas;Pleno dia;Crescente;Ceu Claro;Múltipla;Reta;Urbano;2;2
83352169;2015-05-09;Sábado;16:00:00;SP;116;219.8;GUARULHOS;Não guardar distância de segurança;Colisão traseira;Sem Vítimas;Pleno dia;Crescente;Ceu Claro;Múltipla;Reta;Urbano;2;2
83352184;2015-04-28;Terça;02:30:00;SP;116;225.0;GUARULHOS;Outras;Colisão traseira;Com Vítimas Feridas;Plena noite;Crescente;Ceu Claro;Múltipla;Reta;Urbano;2;2