id;data_inversa;dia_semana;horario;uf;br;km;municipio;causa_acidente;tipo_acidente;classificacao_acidente;fase_dia;sentido_via;condicao_metereologica;tipo_pista;tracado_via;uso_solo;pessoas;veiculos
83352284;2015-05-09;Sábado;19:00:00;SP;116;223.0;GUARULHOS;Falta de atenção;Colisão traseira;Com Vítimas Feridas;Plena noite;Crescente;Nublado;Dupla;Reta;Urbano;3;3
83352337;2015-05-09;Sábado;20:30:00;SP;116;222.0;GUARULHOS;Outras;Colisão traseira;Sem Vítimas;Plena noite;Decrescente;Ceu Claro;Múltipla;Reta;Urbano;3;3
83352410;2015-05-10;Domingo;05:23:00;SP;116;212.0;GUARULHOS;Falta de atenção;Colisão traseira;Sem Vítimas;Plena noite;Decrescente;Nevoeiro/neblina;Múltipla;Reta;Urbano;2;2
83352597;2015-05-10;Domingo;08:40:00;SP;116;224.2;GUARULHOS;Outras;Colisão traseira;Com Vítimas Feridas;Pleno dia;Decrescente;Nublado;Múltipla;Reta;Urbano;3;2
83352637;2015-05-10;Domingo;14:35:00;SP;116;201.0;ARUJA;Velocidade incompatível;Saída de Pista;Com Vítimas Feridas;Pleno dia;Crescente;Nublado;Dupla;Reta;Urbano;3;1
83352693;2015-05-10;Domingo;16:20:00;SP;116;115.4;TAUBATE;Não guardar distância de segurança;Colisão traseira;Sem Vítimas;Pleno dia;Decrescente;Nublado;Dupla;Reta;Urbano;2;2
83352724;2015-05-10;Domingo;19:40:00;SP;116;211.0;GUARULHOS;Falta de atenção;Colisão traseira;Sem Vítimas;Plena noite;Decrescente;Chuva;Múltipla;Reta;Urbano;2;2
83352867;2015-05-07;Quinta;20:05:00;SP;116;225.0;GUARULHOS;Outras;Colisão traseira;Sem Vítimas;Plena noite;Crescente;Nublado;Simples;Reta;Urbano;3;3
83352992;2015-04-30;Quinta;05:45:00;SP;116;198.0;ARUJA;Outras;Colisão traseira;Sem Vítimas;Amanhecer;Crescente;Ceu Claro;Dupla;Reta;Rural;3;3
83353048;2015-05-08;Sexta;10:40:00;SP;116;228.0;SAO PAULO;Não guardar distância de segurança;Colisão traseira;Com Vítimas Feridas;Pleno dia;Crescente;Ceu Claro;Múltipla;Reta;Rural;2;2
83353065;2015-05-08;Sexta;18:30:00;SP;116;146.5;SAO JOSE DOS CAMPOS;Não guardar distância de segurança;Colisão traseira;Sem Vítimas;Anoitecer;Decrescente;Ceu Claro;Dupla;Reta;Urbano;2;2
83353067;2015-05-03;Domingo;18:05:00;SP;116;212.0;GUARULHOS;Outras;Colisão com objeto fixo;Sem Vítimas;Anoitecer;Crescente;Ceu Claro;Múltipla;Reta;Urbano;4;4
83353098;2015-05-11;Segunda;12:10:00;SP;116;221.0;GUARULHOS;Outras;Colisão com objeto fixo;Sem Vítimas;Pleno dia;Decrescente;Nublado;Simples;Reta;Urbano;1;1
83353115;2015-05-10;Domingo;01:15:00;SP;116;139.8;SAO JOSE DOS CAMPOS;Outras;Colisão traseira;Com Vítimas Feridas;Plena noite;Crescente;Ignorada;Dupla;Reta;Urbano;3;2
83353128;2015-05-11;Segunda;09:30:00;SP;116;191.2;SANTA ISABEL;Falta de atenção;Colisão com objeto fixo;Com Vítimas Feridas;Pleno dia;Crescente;Ceu Claro;Dupla;Curva;Urbano;1;1
83353131;2015-05-10;Domingo;02:56:00;SP;116;118.0;TAUBATE;Defeito mecânico em veículo;Colisão com objeto fixo;Sem Vítimas;Plena noite;Crescente;Nublado;Dupla;Reta;Urbano;1;1
83353141;2015-05-11;Segunda;15:45:00;SP;116;195.0;SANTA ISABEL;Não guardar distância de segurança;Colisão traseira;Sem Vítimas;Pleno dia;Crescente;Nublado;Dupla;Reta;Urbano;2;2
83353143;2015-05-10;Domingo;04:00:00;SP;116;133.3;CACAPAVA;Outras;Atropelamento de pessoa;Com Vítimas Fatais;Plena noite;Decrescente;Ignorada;Dupla;Reta;Rural;3;2
83353163;2015-05-11;Segunda;11:50:00;SP;116;192.2;SANTA ISABEL;Outras;Colisão com objeto fixo;Sem Vítimas;Pleno dia;Decrescente;Ceu Claro;Dupla;Curva;Urbano;1;1
83353205;2015-05-11;Segunda;19:00:00;SP;116;157.0;SAO JOSE DOS CAMPOS;Outras;Colisão traseira;Sem Vítimas;Plena noite;Decrescente;Nublado;Múltipla;Reta;Urbano;4;4
83353208;2015-05-09;Sábado;07:00:00;SP;116;214.0;GUARULHOS;Dormindo;Colisão lateral;Com Vítimas Feridas;Pleno dia;Crescente;Nublado;Múltipla;Reta;Urbano;2;2
83353219;2015-05-11;Segunda;15:00:00;SP;116;225.0;GUARULHOS;Outras;Colisão traseira;Sem Vítimas;Pleno dia;Crescente;Nublado;Múltipla;Reta;Urbano;3;3
83353262;2015-05-11;Segunda;17:45:00;SP;116;112.5;TAUBATE;Ingestão de álcool;Colisão traseira;Sem Vítimas;Anoitecer;Decrescente;Nublado;Dupla;Reta;Urbano;3;3
83353288;2015-05-11;Segunda;00:10:00;SP;116;212.0;GUARULHOS;Velocidade incompatível;Colisão com objeto fixo;Com Vítimas Feridas;Plena noite;Decrescente;Nublado;Múltipla;Reta;Urbano;2;1
83353309;2015-05-11;Segunda;08:12:00;SP;116;220.0;GUARULHOS;Outras;Colisão lateral;Sem Vítimas;Pleno dia;Crescente;Sol;Múltipla;Reta;Urbano;2;2
83353318;2015-05-11;Segunda;19:15:00;SP;116;224.0;GUARULHOS;Outras;Colisão traseira;Com Vítimas Feridas;Plena noite;Decrescente;Nublado;Múltipla;Reta;Urbano;2;2
83353453;2015-05-09;Sábado;04:30:00;SP;116;134.9;SAO JOSE DOS CAMPOS;Falta de atenção;Colisão traseira;Sem Vítimas;Plena noite;Crescente;Nublado;Dupla;Reta;Urbano;5;2
83353459;2015-05-06;Quarta;06:50:00;SP;116;210.0;GUARULHOS;Não guardar distância de segurança;Colisão traseira;Sem Vítimas;Pleno dia;Crescente;Nublado;Múltipla;Reta;Urbano;3;3
83353461;2015-05-08;Sexta;10:22:00;SP;116;229.0;SAO PAULO;Falta de atenção;Colisão traseira;Sem Vítimas;Pleno dia;Crescente;Ceu Claro;Múltipla;Reta;Urbano;4;4
83353481;2015-05-09;Sábado;14:30:00;SP;116;222.0;GUARULHOS;Ingestão de álcool;Colisão lateral;Sem Vítimas;Pleno dia;Crescente;Nublado;Múltipla;Reta;Urbano;3;3
83353510;2015-05-12;Terça;08:40:00;SP;116;162.0;JACAREI;Falta de atenção;Colisão traseira;Sem Vítimas;Pleno dia;Crescente;Ceu Claro;Múltipla;Reta;Rural;4;4
83353588;2015-05-08;Sexta;12:50:00;SP;116;189.0;SANTA ISABEL;Falta de atenção;Colisão traseira;Sem Vítimas;Pleno dia;Crescente;Ceu Claro;Dupla;Reta;Rural;4;4
83353637;2015-05-12;Terça;18:30:00;SP;116;146.0;SAO JOSE DOS CAMPOS;Falta de atenção;Colisão traseira;Com Vítimas Feridas;Plena noite;Decrescente;Nublado;Dupla;Reta;Urbano;5;4
83353666;2015-05-12;Terça;19:00:00;SP;116;109.6;TAUBATE;Falta de atenção;Colisão traseira;Com Vítimas Feridas;Plena noite;Decrescente;Ceu Claro;Dupla;Reta;Rural;3;3
83353701;2015-05-08;Sexta;19:20:00;SP;116;226.4;GUARULHOS;Outras;Colisão traseira;Com Vítimas Feridas;Plena noite;Decrescente;Nublado;Múltipla;Reta;Urbano;2;2
83353809;2015-05-12;Terça;06:30:00;SP;116;223.0;GUARULHOS;Outras;Colisão lateral;Com Vítimas Feridas;Amanhecer;Crescente;Nublado;Múltipla;Reta;Urbano;2;2
83353834;2015-05-02;Sábado;21:10:00;SP;116;211.9;GUARULHOS;Outras;Atropelamento de pessoa;Com Vítimas Feridas;Plena noite;Crescente;Nublado;Múltipla;Reta;Urbano;2;1
83353893;2015-05-11;Segunda;23:30:00;SP;116;182.0;GUARAREMA;Não guardar distância de segurança;Colisão traseira;Com Vítimas Feridas;Plena noite;Decrescente;Nublado;Múltipla;Reta;Urbano;2;2
83353896;2015-05-10;Domingo;12:25:00;SP;116;229.0;SAO PAULO;Não guardar distância de segurança;Colisão traseira;Sem Vítimas;Pleno dia;Crescente;Chuva;Múltipla;Reta;Urbano;2;2
83353903;2015-05-10;Domingo;21:40:00;SP;116;216.0;GUARULHOS;Não guardar distância de segurança;Colisão traseira;Sem Vítimas;Plena noite;Crescente;Chuva;Dupla;Reta;Urbano;3;3
83353913;2015-05-01;Sexta;20:10:00;SP;116;150.0;SAO JOSE DOS CAMPOS;Não guardar distância de segurança;Colisão traseira;Com Vítimas Feridas;Plena noite;Crescente;Ceu Claro;Múltipla;Reta;Urbano;3;2
83353921;2015-05-13;Quarta;10:40:00;SP;116;117.3;TAUBATE;Outras;Colisão traseira;Sem Vítimas;Pleno dia;Decrescente;Nublado;Dupla;Reta;Urbano;2;2
83353930;2015-05-01;Sexta;02:00:00;SP;116;162.0;JACAREI;Falta de atenção;Queda de motocicleta / bicicleta / veículo;Sem Vítimas;Plena noite;Crescente;Ceu Claro;Dupla;Reta;Urbano;1;1
83353949;2015-05-13;Quarta;07:40:00;SP;116;145.0;SAO JOSE DOS CAMPOS;Falta de atenção;Colisão traseira;Com Vítimas Feridas;Pleno dia;Crescente;Ceu Claro;Múltipla;Reta;Urbano;6;6
83353971;2015-05-10;Domingo;00:40:00;SP;116;213.0;GUARULHOS;Falta de atenção;Colisão traseira;Com Vítimas Feridas;Plena noite;Crescente;Nublado;Múltipla;Reta;Urbano;5;3
83354009;2015-05-10;Domingo;06:10:00;SP;116;106.8;TAUBATE;Ingestão de álcool;Colisão com objeto fixo;Sem Vítimas;Amanhecer;Decrescente;Nublado;Dupla;Reta;Urbano;1;1
83354022;2015-05-08;Sexta;22:00:00;SP;116;225.0;GUARULHOS;Não guardar distância de segurança;Colisão traseira;Sem Vítimas;Plena noite;Crescente;Nublado;Múltipla;Reta;Urbano;2;2
83354040;2015-05-13;Quarta;18:20:00;SP;116;148.3;SAO JOSE DOS CAMPOS;Falta de atenção;Colisão traseira;Sem Vítimas;Plena noite;Decrescente;Nublado;Dupla;Reta;Urbano;2;2
83354105;2015-05-09;Sábado;20:45:00;SP;116;223.0;GUARULHOS;Outras;Colisão lateral;Sem Vítimas;Plena noite;Decrescente;Ceu Claro;Múltipla;Reta;Urbano;2;2
83354129;2015-05-13;Quarta;18:50:00;SP;116;212.0;GUARULHOS;Não guardar distância de segurança;Colisão traseira;Sem Vítimas;Plena noite;Crescente;Ceu Claro;Múltipla;Reta;Urbano;3;3
83354130;2015-05-13;Quarta;18:40:00;SP;116;212.0;GUARULHOS;Não guardar distância de segurança;Colisão traseira;Sem Vítimas;Anoitecer;Crescente;Ceu Claro;Múltipla;Reta;Urbano;2;2
83354143;2015-05-13;Quarta;05:20:00;SP;116;220.0;GUARULHOS;Falta de atenção;Colisão lateral;Sem Vítimas;Plena noite;Decrescente;Nublado;Múltipla;Reta;Urbano;2;2
83354182;2015-05-13;Quarta;21:30:00;SP;116;217.0;GUARULHOS;Não guardar distância de segurança;Colisão traseira;Sem Vítimas;Plena noite;Decrescente;Nublado;Múltipla;Reta;Urbano;2;2
83354193;2015-05-10;Domingo;07:30:00;SP;116;104.0;TAUBATE;Outras;Atropelamento de pessoa;Com Vítimas Fatais;Pleno dia;Decrescente;Ceu Claro;Dupla;Reta;Rural;2;1
83354198;2015-05-10;Domingo;09:35:00;SP;116;144.0;SAO JOSE DOS CAMPOS;Falta de atenção;Colisão lateral;Sem Vítimas;Pleno dia;Crescente;Sol;Dupla;Reta;Urbano;2;2
83354267;2015-05-07;Quinta;09:30:00;SP;116;214.0;GUARULHOS;Defeito mecânico em veículo;Colisão lateral;Sem Vítimas;Pleno dia;Crescente;Sol;Múltipla;Reta;Urbano;3;3
83354283;2015-04-26;Domingo;17:50:00;SP;116;117.2;TAUBATE;Não guardar distância de segurança;Colisão traseira;Sem Vítimas;Plena noite;Decrescente;Nublado;Dupla;Reta;Urbano;2;2
83354307;2015-05-14;Quinta;09:30:00;SP;116;103.1;TAUBATE;Não guardar distância de segurança;Colisão traseira;Com Vítimas Feridas;Pleno dia;Crescente;Nublado;Dupla;Reta;Rural;2;2
83354374;2015-05-12;Terça;18:30:00;SP;116;107.0;TAUBATE;Outras;Colisão traseira;Com Vítimas Feridas;Plena noite;Decrescente;Nublado;Dupla;Reta;Urbano;4;4
83354450;2015-05-14;Quinta;07:13:00;SP;116;165.0;JACAREI;Não guardar distância de segurança;Colisão traseira;Sem Vítimas;Amanhecer;Crescente;Ceu Claro;Dupla;Reta;Rural;2;2
83354455;2015-05-14;Quinta;10:10:00;SP;116;219.8;GUARULHOS;Falta de atenção;Colisão lateral;Sem Vítimas;Pleno dia;Crescente;Ceu Claro;Múltipla;Reta;Urbano;2;2
83354510;2015-05-11;Segunda;16:35:00;SP;116;174.2;GUARAREMA;Outras;Colisão com objeto fixo;Sem Vítimas;Pleno dia;Crescente;Nublado;Simples;Reta;Rural;1;1
83354731;2015-05-12;Terça;02:15:00;SP;116;152.0;SAO JOSE DOS CAMPOS;Dormindo;Colisão traseira;Sem Vítimas;Plena noite;Crescente;Nublado;Múltipla;Reta;Urbano;2;2
83354812;2015-05-14;Quinta;04:30:00;SP;116;228.0;SAO PAULO;Falta de atenção;Colisão lateral;Com Vítimas Feridas;Plena noite;Decrescente;Nublado;Múltipla;Reta;Urbano;2;2
83354886;2015-05-15;Sexta;14:00:00;SP;116;141.5;SAO JOSE DOS CAMPOS;Outras;Colisão com objeto móvel;Com Vítimas Feridas;Pleno dia;Decrescente;Nublado;Dupla;Reta;Urbano;4;3
83354957;2015-05-15;Sexta;19:15:00;SP;116;148.0;SAO JOSE DOS CAMPOS;Outras;Colisão lateral;Sem Vítimas;Plena noite;Decrescente;Nublado;Múltipla;Reta;Urbano;2;2
83354980;2015-05-15;Sexta;18:50:00;SP;116;114.5;TAUBATE;Falta de atenção;Colisão traseira;Sem Vítimas;Plena noite;Decrescente;Nublado;Dupla;Reta;Urbano;2;2
83355035;2015-05-03;Domingo;15:00:00;SP;116;104.0;TAUBATE;Não guardar distância de segurança;Colisão traseira;Sem Vítimas;Pleno dia;Crescente;Ceu Claro;Dupla;Reta;Urbano;2;2
83355176;2015-05-09;Sábado;03:30:00;SP;116;210.0;GUARULHOS;Ingestão de álcool;Colisão com objeto fixo;Com Vítimas Feridas;Plena noite;Crescente;Nublado;Múltipla;Reta;Urbano;3;1
83355183;2015-04-30;Quinta;19:20:00;SP;116;224.0;GUARULHOS;Não guardar distância de segurança;Colisão traseira;Sem Vítimas;Plena noite;Decrescente;Nublado;Simples;Reta;Urbano;2;2
83355194;2015-05-12;Terça;17:10:00;SP;116;217.8;GUARULHOS;Não guardar distância de segurança;Colisão traseira;Com Vítimas Feridas;Pleno dia;Decrescente;Nublado;Múltipla;Reta;Urbano;2;2
83355203;2015-05-13;Quarta;01:15:00;SP;116;226.0;GUARULHOS;Outras;Colisão traseira;Com Vítimas Feridas;Plena noite;Decrescente;Chuva;Múltipla;Reta;Urbano;2;2
83355219;2015-05-08;Sexta;19:30:00;SP;116;209.0;GUARULHOS;Ingestão de álcool;Colisão traseira;Sem Vítimas;Plena noite;Decrescente;Ceu Claro;Dupla;Reta;Urbano;2;2
83355232;2015-05-09;Sábado;02:00:00;SP;116;203.0;ARUJA;Ingestão de álcool;Colisão traseira;Sem Vítimas;Plena noite;Crescente;Nublado;Dupla;Reta;Urbano;2;2
83355278;2015-05-12;Terça;08:00:00;SP;116;219.0;GUARULHOS;Não guardar distância de segurança;Colisão traseira;Sem Vítimas;Pleno dia;Crescente;Sol;Múltipla;Reta;Urbano;3;3
83355304;2015-05-12;Terça;19:50:00;SP;116;221.0;GUARULHOS;Não guardar distância de segurança;Colisão traseira;Sem Vítimas;Plena noite;Crescente;Chuva;Múltipla;Reta;Urbano;4;4
83355346;2015-05-16;Sábado;18:20:00;SP;116;182.0;SANTA ISABEL;Outras;Colisão traseira;Sem Vítimas;Plena noite;Decrescente;Ceu Claro;Múltipla;Reta;Rural;2;2
83355373;2015-05-15;Sexta;17:05:00;SP;116;196.0;ARUJA;Outras;Capotamento;Sem Vítimas;Pleno dia;Crescente;Nublado;Simples;Reta;Urbano;1;1
83355403;2015-05-16;Sábado;17:20:00;SP;116;181.0;GUARAREMA;Defeito mecânico em veículo;Colisão com objeto fixo;Com Vítimas Feridas;Pleno dia;Crescente;Ceu Claro;Dupla;Reta;Rural;3;1
83355534;2015-05-16;Sábado;23:10:00;SP;116;208.0;GUARULHOS;Ingestão de álcool;Colisão traseira;Sem Vítimas;Plena noite;Crescente;Ceu Claro;Múltipla;Reta;Urbano;2;2
83355558;2015-05-17;Domingo;06:20:00;SP;116;110.8;TAUBATE;Animais na Pista;Atropelamento de animal;Sem Vítimas;Amanhecer;Decrescente;Nublado;Dupla;Reta;Rural;1;1
83355562;2015-05-13;Quarta;23:00:00;SP;116;138.4;SAO JOSE DOS CAMPOS;Outras;Colisão traseira;Com Vítimas Feridas;Plena noite;Decrescente;Ceu Claro;Dupla;Reta;Rural;2;2
83355676;2015-05-13;Quarta;07:20:00;SP;116;148.5;SAO JOSE DOS CAMPOS;Falta de atenção;Colisão lateral;Com Vítimas Feridas;Pleno dia;Crescente;Ceu Claro;Dupla;Reta;Rural;4;2
83355684;2015-05-13;Quarta;21:05:00;SP;116;219.0;GUARULHOS;Outras;Tombamento;Com Vítimas Feridas;Plena noite;Crescente;Nublado;Simples;Reta;Urbano;2;1
83355764;2015-05-17;Domingo;17:30:00;SP;116;109.5;TAUBATE;Outras;Colisão traseira;Sem Vítimas;Anoitecer;Decrescente;Ceu Claro;Dupla;Reta;Urbano;2;2
83355781;2015-05-17;Domingo;15:00:00;SP;116;158.0;JACAREI;Velocidade incompatível;Saída de Pista;Com Vítimas Feridas;Pleno dia;Crescente;Ceu Claro;Simples;Curva;Urbano;1;1
83355783;2015-05-17;Domingo;17:47:00;SP;116;156.0;SAO JOSE DOS CAMPOS;Não guardar distância de segurança;Colisão lateral;Com Vítimas Feridas;Anoitecer;Crescente;Ceu Claro;Dupla;Reta;Urbano;4;3
83355823;2015-05-14;Quinta;17:50:00;SP;116;155.8;SAO JOSE DOS CAMPOS;Outras;Colisão lateral;Sem Vítimas;Anoitecer;Decrescente;Nublado;Dupla;Reta;Urbano;2;2
83355840;2015-05-15;Sexta;07:51:00;SP;116;148.0;SAO JOSE DOS CAMPOS;Não guardar distância de segurança;Colisão traseira;Sem Vítimas;Pleno dia;Decrescente;Nublado;Dupla;Reta;Urbano;4;4
83355965;2015-05-14;Quinta;23:56:00;SP;116;165.0;JACAREI;Velocidade incompatível;Colisão traseira;Com Vítimas Feridas;Anoitecer;Decrescente;Ceu Claro;Dupla;Reta;Urbano;2;2
83356028;2015-05-11;Segunda;08:05:00;SP;116;210.0;GUARULHOS;Outras;Colisão traseira;Sem Vítimas;Pleno dia;Crescente;Ceu Claro;Dupla;Reta;Urbano;2;2
83356032;2015-04-15;Quarta;09:30:00;SP;116;219.0;GUARULHOS;Falta de atenção;Colisão traseira;Sem Vítimas;Pleno dia;Crescente;Nublado;Múltipla;Reta;Urbano;2;2
83356153;2015-05-18;Segunda;15:30:00;SP;116;228.0;SAO PAULO;Outras;Saída de Pista;Sem Vítimas;Pleno dia;Crescente;Nublado;Simples;Reta;Urbano;1;1
83356163;2015-05-14;Quinta;14:00:00;SP;116;190.0;SANTA ISABEL;Defeito mecânico em veículo;Saída de Pista;Com Vítimas Feridas;Pleno dia;Decrescente;Ceu Claro;Dupla;Reta;Rural;2;2
83356363;2015-05-14;Quinta;14:18:00;SP;116;189.9;SANTA ISABEL;Falta de atenção;Colisão traseira;Sem Vítimas;Pleno dia;Decrescente;Ceu Claro;Dupla;Reta;Rural;2;2
83356386;2015-05-15;Sexta;00:30:00;SP;116;218.7;GUARULHOS;Outras;Colisão com objeto fixo;Sem Vítimas;Plena noite;Crescente;Ceu Claro;Dupla;Curva;Urbano;2;2
83356405;2015-05-15;Sexta;19:15:00;SP;116;147.9;SAO JOSE DOS CAMPOS;Outras;Colisão traseira;Sem Vítimas;Plena noite;Decrescente;Ceu Claro;Dupla;Reta;Urbano;3;3
83356503;2015-05-15;Sexta;20:15:00;SP;116;219.0;GUARULHOS;Outras;Queda de motocicleta / bicicleta / veículo;Com Vítimas Feridas;Plena noite;Decrescente;Nublado;Múltipla;Curva;Urbano;1;1
83356519;2015-05-06;Quarta;18:15:00;SP;116;212.2;GUARULHOS;Falta de atenção;Colisão lateral;Sem Vítimas;Anoitecer;Crescente;Ceu Claro;Múltipla;Reta;Urbano;2;2
83356598;2015-05-19;Terça;15:40:00;SP;116;145.0;SAO JOSE DOS CAMPOS;Desobediência à sinalização;Colisão lateral;Sem Vítimas;Pleno dia;Crescente;Ceu Claro;Simples;Reta;Urbano;2;2
83356611;2015-05-16;Sábado;00:45:00;SP;116;208.0;GUARULHOS;Outras;Colisão com objeto fixo;Sem Vítimas;Plena noite;Crescente;Ceu Claro;Múltipla;Reta;Urbano;1;1
83356637;2015-05-19;Terça;15:00:00;SP;116;145.7;SAO JOSE DOS CAMPOS;Velocidade incompatível;Colisão traseira;Com Vítimas Feridas;Pleno dia;Crescente;Nublado;Dupla;Reta;Urbano;3;2
83356658;2015-05-19;Terça;17:40:00;SP;116;112.7;TAUBATE;Não guardar distância de segurança;Colisão traseira;Sem Vítimas;Anoitecer;Decrescente;Nublado;Dupla;Reta;Urbano;3;3
83356668;2015-05-19;Terça;07:00:00;SP;116;226.0;GUARULHOS;Outras;Colisão traseira;Com Vítimas Feridas;Pleno dia;Crescente;Nublado;Múltipla;Reta;Urbano;4;3
83356701;2015-05-17;Domingo;18:45:00;SP;116;146.1;SAO JOSE DOS CAMPOS;Não guardar distância de segurança;Colisão traseira;Sem Vítimas;Plena noite;Decrescente;Ceu Claro;Múltipla;Reta;Urbano;3;3
83356874;2015-05-18;Segunda;06:00:00;SP;116;219.0;GUARULHOS;Outras;Colisão com objeto fixo;Sem Vítimas;Amanhecer;Decrescente;Ceu Claro;Múltipla;Reta;Urbano;1;1
83356900;2015-05-17;Domingo;05:30:00;SP;116;214.0;GUARULHOS;Não guardar distância de segurança;Colisão traseira;Com Vítimas Feridas;Amanhecer;Decrescente;Nublado;Múltipla;Reta;Urbano;3;2
83356964;2015-05-11;Segunda;11:00:00;SP;116;152.0;SAO JOSE DOS CAMPOS;Defeito mecânico em veículo;Colisão com objeto fixo;Sem Vítimas;Pleno dia;Decrescente;Nublado;Simples;Reta;Urbano;1;1
83356967;2015-05-17;Domingo;16:56:00;SP;116;156.0;SAO JOSE DOS CAMPOS;Não guardar distância de segurança;Colisão traseira;Com Vítimas Feridas;Pleno dia;Crescente;Nublado;Dupla;Reta;Urbano;4;3
83356973;2015-05-16;Sábado;14:05:00;SP;116;180.7;GUARAREMA;Falta de atenção;Colisão com objeto fixo;Sem Vítimas;Pleno dia;Decrescente;Ceu Claro;Dupla;Reta;Rural;1;1
83356976;2015-05-12;Terça;12:10:00;SP;116;146.9;SAO JOSE DOS CAMPOS;Defeito mecânico em veículo;Queda de motocicleta / bicicleta / veículo;Com Vítimas Feridas;Pleno dia;Decrescente;Nublado;Simples;Reta;Urbano;1;1
83356993;2015-05-12;Terça;12:30:00;SP;116;146.9;SAO JOSE DOS CAMPOS;Ultrapassagem indevida;Colisão lateral;Sem Vítimas;Pleno dia;Decrescente;Nublado;Simples;Reta;Urbano;2;2
83357006;2015-05-07;Quinta;18:30:00;SP;116;203.0;ARUJA;Outras;Colisão traseira;Sem Vítimas;Pleno dia;Decrescente;Ceu Claro;Múltipla;Reta;Urbano;2;2
83357011;2015-05-16;Sábado;23:00:00;SP;116;154.0;SAO JOSE DOS CAMPOS;Falta de atenção;Colisão com objeto fixo;Sem Vítimas;Plena noite;Crescente;Ceu Claro;Múltipla;Reta;Urbano;1;1
83357066;2015-05-20;Quarta;18:10:00;SP;116;214.0;GUARULHOS;Não guardar distância de segurança;Colisão frontal;Sem Vítimas;Anoitecer;Decrescente;Nublado;Simples;Reta;Urbano;2;2
83357073;2015-05-20;Quarta;18:20:00;SP;116;213.0;GUARULHOS;Falta de atenção;Colisão lateral;Com Vítimas Feridas;Plena noite;Decrescente;Ceu Claro;Múltipla;Reta;Urbano;2;2
83357084;2015-05-20;Quarta;08:35:00;SP;116;148.5;SAO JOSE DOS CAMPOS;Outras;Colisão com objeto fixo;Sem Vítimas;Pleno dia;Decrescente;Ceu Claro;Múltipla;Reta;Urbano;1;1
83357097;2015-05-19;Terça;08:20:00;SP;116;215.0;GUARULHOS;Outras;Colisão frontal;Sem Vítimas;Pleno dia;Decrescente;Nublado;Múltipla;Reta;Urbano;2;2
83357152;2015-05-20;Quarta;18:00:00;SP;116;218.0;GUARULHOS;Não guardar distância de segurança;Colisão traseira;Com Vítimas Feridas;Anoitecer;Crescente;Nublado;Múltipla;Reta;Urbano;3;3
83357299;2015-05-18;Segunda;07:00:00;SP;116;207.0;GUARULHOS;Não guardar distância de segurança;Colisão traseira;Sem Vítimas;Pleno dia;Crescente;Nublado;Dupla;Reta;Urbano;2;2
83357347;2015-05-21;Quinta;09:15:00;SP;116;142.0;SAO JOSE DOS CAMPOS;Outras;Colisão traseira;Sem Vítimas;Pleno dia;Decrescente;Sol;Dupla;Reta;Urbano;3;3
83357365;2015-05-21;Quinta;08:50:00;SP;116;136.0;SAO JOSE DOS CAMPOS;Outras;Colisão traseira;Sem Vítimas;Pleno dia;Crescente;Sol;Dupla;Reta;Rural;2;2
83357375;2015-05-03;Domingo;20:00:00;SP;116;107.0;TAUBATE;Falta de atenção;Colisão traseira;Com Vítimas Feridas;Plena noite;Crescente;Chuva;Dupla;Reta;Urbano;4;2
83357376;2015-05-18;Segunda;06:30:00;SP;116;218.8;GUARULHOS;Não guardar distância de segurança;Colisão traseira;Sem Vítimas;Amanhecer;Crescente;Nublado;Múltipla;Reta;Urbano;2;2
83357381;2015-05-18;Segunda;07:40:00;SP;116;145.0;SAO JOSE DOS CAMPOS;Não guardar distância de segurança;Colisão lateral;Com Vítimas Feridas;Pleno dia;Crescente;Sol;Dupla;Reta;Urbano;2;2
83357422;2015-05-20;Quarta;11:10:00;SP;116;183.0;SANTA ISABEL;Falta de atenção;Colisão lateral;Sem Vítimas;Pleno dia;Crescente;Ceu Claro;Dupla;Reta;Rural;2;2
83357441;2015-05-20;Quarta;10:00:00;SP;116;156.0;SAO JOSE DOS CAMPOS;Não guardar distância de segurança;Colisão traseira;Sem Vítimas;Pleno dia;Decrescente;Sol;Múltipla;Reta;Urbano;2;2
83357451;2015-05-18;Segunda;18:30:00;SP;116;156.2;SAO JOSE DOS CAMPOS;Não guardar distância de segurança;Colisão traseira;Sem Vítimas;Anoitecer;Crescente;Chuva;Dupla;Reta;Urbano;3;3