id;data_inversa;dia_semana;horario;uf;br;km;municipio;causa_acidente;tipo_acidente;classificacao_acidente;fase_dia;sentido_via;condicao_metereologica;tipo_pista;tracado_via;uso_solo;pessoas;veiculos
83363000;2015-06-03;Quarta;19:00:00;SP;116;223.8;GUARULHOS;Falta de atenção;Colisão lateral;Com Vítimas Feridas;Plena noite;Decrescente;Ceu Claro;Múltipla;Reta;Urbano;2;2
83363003;2015-06-04;Quinta;04:00:00;SP;116;205.5;GUARULHOS;Defeito mecânico em veículo;Colisão com objeto fixo;Com Vítimas Feridas;Plena noite;Decrescente;Nevoeiro/neblina;Dupla;Reta;Urbano;1;1
83363057;2015-05-31;Domingo;19:57:00;SP;116;150.0;SAO JOSE DOS CAMPOS;Outras;Colisão com objeto fixo;Sem Vítimas;Plena noite;Decrescente;Ceu Claro;Dupla;Reta;Urbano;1;1
83363080;2015-06-01;Segunda;01:35:00;SP;116;150.0;SAO JOSE DOS CAMPOS;Outras;Derramamento de Carga;Sem Vítimas;Plena noite;Crescente;Ceu Claro;Dupla;Reta;Urbano;1;1
83363097;2015-03-28;Sábado;20:05:00;SP;116;228.0;SAO PAULO;Outras;Colisão traseira;Sem Vítimas;Plena noite;Decrescente;Nublado;Simples;Reta;Urbano;2;2
83363191;2015-06-04;Quinta;08:50:00;SP;116;117.6;TAUBATE;Falta de atenção;Colisão traseira;Sem Vítimas;Pleno dia;Decrescente;Nublado;Dupla;Reta;Urbano;3;3
83363199;2015-06-04;Quinta;08:45:00;SP;116;117.6;TAUBATE;Falta de atenção;Colisão traseira;Sem Vítimas;Pleno dia;Decrescente;Nublado;Dupla;Reta;Urbano;2;2
83363200;2015-06-04;Quinta;13:50:00;SP;116;133.4;CACAPAVA;Falta de atenção;Colisão lateral;Sem Vítimas;Pleno dia;Decrescente;Nublado;Dupla;Reta;Urbano;2;2
83363220;2015-06-03;Quarta;17:55:00;SP;116;117.0;TAUBATE;Não guardar distância de segurança;Colisão traseira;Sem Vítimas;Anoitecer;Decrescente;Ceu Claro;Dupla;Reta;Rural;2;2
83363222;2015-06-04;Quinta;09:55:00;SP;116;117.6;TAUBATE;Falta de atenção;Colisão traseira;Sem Vítimas;Pleno dia;Decrescente;Nublado;Dupla;Reta;Urbano;3;3
83363228;2015-06-02;Terça;23:45:00;SP;116;147.0;SAO JOSE DOS CAMPOS;Ingestão de álcool;Colisão traseira;Sem Vítimas;Plena noite;Decrescente;Ceu Claro;Simples;Curva;Urbano;2;2
83363299;2015-06-04;Quinta;18:30:00;SP;116;111.0;TAUBATE;Falta de atenção;Colisão traseira;Sem Vítimas;Plena noite;Decrescente;Ceu Claro;Dupla;Reta;Urbano;2;2
83363318;2015-06-04;Quinta;14:30:00;SP;116;212.7;GUARULHOS;Falta de atenção;Colisão com objeto fixo;Sem Vítimas;Pleno dia;Crescente;Sol;Múltipla;Reta;Urbano;1;1
83363340;2015-06-04;Quinta;20:10:00;SP;116;145.0;SAO JOSE DOS CAMPOS;Outras;Capotamento;Com Vítimas Feridas;Plena noite;Crescente;Ceu Claro;Dupla;Reta;Urbano;2;1
83363407;2015-06-04;Quinta;19:00:00;SP;116;128.5;CACAPAVA;Outras;Atropelamento de pessoa;Com Vítimas Fatais;Plena noite;Decrescente;Ceu Claro;Dupla;Reta;Urbano;2;1
83363442;2015-06-01;Segunda;17:45:00;SP;116;115.6;TAUBATE;Não guardar distância de segurança;Colisão traseira;Sem Vítimas;Anoitecer;Decrescente;Nublado;Dupla;Reta;Urbano;2;2
83363511;2015-05-28;Quinta;07:10:00;SP;116;229.7;SAO PAULO;Não guardar distância de segurança;Colisão traseira;Com Vítimas Feridas;Pleno dia;Crescente;Ceu Claro;Múltipla;Reta;Urbano;2;2
83363512;2015-06-05;Sexta;07:05:00;SP;116;221.0;GUARULHOS;Outras;Colisão traseira;Com Vítimas Feridas;Pleno dia;Decrescente;Nublado;Simples;Reta;Urbano;2;2
83363544;2015-06-03;Quarta;16:45:00;SP;116;225.0;GUARULHOS;Defeito mecânico em veículo;Colisão traseira;Sem Vítimas;Pleno dia;Decrescente;Ceu Claro;Múltipla;Reta;Urbano;3;3
83363595;2015-06-01;Segunda;11:10:00;SP;116;213.5;GUARULHOS;Velocidade incompatível;Tombamento;Sem Vítimas;Pleno dia;Decrescente;Nublado;Múltipla;Reta;Urbano;1;1
83363598;2015-05-24;Domingo;07:30:00;SP;116;203.8;ARUJA;Ingestão de álcool;Colisão com objeto fixo;Sem Vítimas;Pleno dia;Decrescente;Sol;Dupla;Reta;Urbano;1;1
83363605;2015-06-02;Terça;06:10:00;SP;116;226.0;GUARULHOS;Velocidade incompatível;Colisão traseira;Com Vítimas Feridas;Amanhecer;Crescente;Nublado;Múltipla;Reta;Urbano;2;2
83363609;2015-05-29;Sexta;03:45:00;SP;116;220.0;GUARULHOS;Outras;Colisão traseira;Sem Vítimas;Plena noite;Crescente;Nublado;Múltipla;Reta;Urbano;2;2
83363642;2015-06-05;Sexta;00:30:00;SP;116;107.4;TAUBATE;Falta de atenção;Colisão traseira;Com Vítimas Feridas;Plena noite;Decrescente;Nublado;Dupla;Reta;Urbano;2;2
83363690;2015-06-05;Sexta;18:50:00;SP;116;113.3;TAUBATE;Falta de atenção;Colisão traseira;Sem Vítimas;Anoitecer;Crescente;Nublado;Dupla;Reta;Urbano;2;2
83363886;2015-06-03;Quarta;06:30:00;SP;116;134.5;SAO JOSE DOS CAMPOS;Não guardar distância de segurança;Colisão lateral;Sem Vítimas;Amanhecer;Decrescente;Nublado;Dupla;Reta;Rural;2;2
83363929;2015-06-03;Quarta;16:18:00;SP;116;147.0;SAO JOSE DOS CAMPOS;Falta de atenção;Colisão traseira;Sem Vítimas;Pleno dia;Decrescente;Ceu Claro;Dupla;Reta;Rural;2;2
83363973;2015-06-04;Quinta;00:35:00;SP;116;222.0;GUARULHOS;Falta de atenção;Colisão com objeto fixo;Sem Vítimas;Plena noite;Crescente;Nublado;Múltipla;Reta;Urbano;1;1
83363998;2015-06-06;Sábado;13:40:00;SP;116;149.5;SAO JOSE DOS CAMPOS;Velocidade incompatível;Colisão traseira;Com Vítimas Feridas;Pleno dia;Crescente;Sol;Múltipla;Reta;Urbano;4;3
83364084;2015-06-06;Sábado;18:45:00;SP;116;215.0;GUARULHOS;Falta de atenção;Colisão lateral;Com Vítimas Feridas;Plena noite;Crescente;Ceu Claro;Múltipla;Reta;Urbano;4;2
83364088;2015-06-06;Sábado;19:47:00;SP;116;215.0;GUARULHOS;Não guardar distância de segurança;Colisão traseira;Sem Vítimas;Plena noite;Crescente;Ceu Claro;Múltipla;Reta;Urbano;3;2
83364223;2015-05-31;Domingo;05:30:00;SP;116;139.9;SAO JOSE DOS CAMPOS;Outras;Capotamento;Com Vítimas Fatais;Amanhecer;Decrescente;Chuva;Dupla;Reta;Urbano;1;1
83364235;2015-05-31;Domingo;06:00:00;SP;116;140.0;SAO JOSE DOS CAMPOS;Outras;Colisão com objeto fixo;Sem Vítimas;Amanhecer;Crescente;Chuva;Dupla;Reta;Urbano;1;1
83364243;2015-06-03;Quarta;15:30:00;SP;116;117.0;TAUBATE;Falta de atenção;Colisão traseira;Sem Vítimas;Pleno dia;Decrescente;Ceu Claro;Simples;Reta;Rural;2;2
83364248;2015-06-03;Quarta;18:33:00;SP;116;130.8;CACAPAVA;Não guardar distância de segurança;Colisão traseira;Sem Vítimas;Plena noite;Decrescente;Nublado;Dupla;Reta;Rural;2;2
83364304;2015-06-07;Domingo;11:19:00;SP;116;156.9;SAO JOSE DOS CAMPOS;Falta de atenção;Capotamento;Sem Vítimas;Pleno dia;Decrescente;Ceu Claro;Dupla;Reta;Rural;2;2
83364319;2015-06-07;Domingo;13:30:00;SP;116;151.5;SAO JOSE DOS CAMPOS;Defeito mecânico em veículo;Derramamento de Carga;Sem Vítimas;Pleno dia;Crescente;Ceu Claro;Dupla;Reta;Rural;1;1
83364341;2015-06-04;Quinta;08:45:00;SP;116;116.6;TAUBATE;Falta de atenção;Colisão traseira;Sem Vítimas;Pleno dia;Decrescente;Nublado;Múltipla;Curva;Urbano;5;5
83364381;2015-06-07;Domingo;13:30:00;SP;116;146.5;SAO JOSE DOS CAMPOS;Falta de atenção;Colisão traseira;Sem Vítimas;Pleno dia;Crescente;Sol;Múltipla;Reta;Urbano;2;2
83364387;2015-06-03;Quarta;18:40:00;SP;116;121.1;TAUBATE;Não guardar distância de segurança;Colisão traseira;Sem Vítimas;Anoitecer;Decrescente;Ceu Claro;Dupla;Reta;Urbano;2;2
83364465;2015-06-07;Domingo;14:40:00;SP;116;100.9;PINDAMONHANGABA;Não guardar distância de segurança;Colisão traseira;Sem Vítimas;Pleno dia;Crescente;Nublado;Dupla;Reta;Rural;2;2
83364477;2015-05-30;Sábado;08:55:00;SP;116;186.0;SANTA ISABEL;Falta de atenção;Colisão traseira;Sem Vítimas;Pleno dia;Crescente;Ceu Claro;Dupla;Reta;Rural;2;2
83364500;2015-05-26;Terça;14:38:00;SP;116;182.0;SANTA ISABEL;Falta de atenção;Colisão traseira;Sem Vítimas;Pleno dia;Decrescente;Sol;Dupla;Reta;Rural;2;2
83364653;2015-06-08;Segunda;07:40:00;SP;116;157.3;SAO JOSE DOS CAMPOS;Dormindo;Saída de Pista;Sem Vítimas;Pleno dia;Crescente;Ceu Claro;Dupla;Reta;Urbano;1;1
83364677;2015-06-08;Segunda;08:35:00;SP;116;149.5;SAO JOSE DOS CAMPOS;Não guardar distância de segurança;Colisão traseira;Sem Vítimas;Pleno dia;Decrescente;Sol;Múltipla;Reta;Urbano;2;2
83364682;2015-06-05;Sexta;07:10:00;SP;116;166.3;JACAREI;Desobediência à sinalização;Colisão lateral;Sem Vítimas;Pleno dia;Decrescente;Chuva;Dupla;Reta;Urbano;2;2
83364691;2015-06-08;Segunda;10:20:00;SP;116;204.0;ARUJA;Defeito mecânico em veículo;Tombamento;Sem Vítimas;Pleno dia;Decrescente;Ceu Claro;Múltipla;Reta;Urbano;1;1
83364700;2015-06-08;Segunda;07:10:00;SP;116;217.0;GUARULHOS;Não guardar distância de segurança;Colisão traseira;Sem Vítimas;Pleno dia;Decrescente;Ceu Claro;Múltipla;Reta;Urbano;2;2
83364728;2015-05-31;Domingo;15:05:00;SP;116;214.2;GUARULHOS;Outras;Colisão traseira;Sem Vítimas;Pleno dia;Crescente;Ceu Claro;Múltipla;Reta;Urbano;2;2
83364748;2015-06-05;Sexta;06:30:00;SP;116;167.0;JACAREI;Falta de atenção;Colisão com objeto fixo;Sem Vítimas;Amanhecer;Crescente;Nevoeiro/neblina;Simples;Curva;Urbano;1;1
83364780;2015-06-08;Segunda;08:30:00;SP;116;140.4;SAO JOSE DOS CAMPOS;Não guardar distância de segurança;Colisão traseira;Sem Vítimas;Pleno dia;Crescente;Ceu Claro;Dupla;Reta;Urbano;4;3
83364800;2015-06-05;Sexta;03:05:00;SP;116;208.0;GUARULHOS;Outras;Colisão com objeto fixo;Sem Vítimas;Plena noite;Crescente;Ceu Claro;Múltipla;Reta;Urbano;1;1
83364803;2015-06-05;Sexta;06:40:00;SP;116;130.1;CACAPAVA;Outras;Colisão com objeto fixo;Com Vítimas Feridas;Pleno dia;Decrescente;Nublado;Simples;Reta;Urbano;4;4
83364899;2015-06-08;Segunda;10:15:00;SP;116;213.2;GUARULHOS;Falta de atenção;Colisão traseira;Sem Vítimas;Pleno dia;Crescente;Ceu Claro;Múltipla;Reta;Urbano;3;3
83364937;2015-05-31;Domingo;17:50:00;SP;116;225.0;GUARULHOS;Outras;Colisão lateral;Sem Vítimas;Anoitecer;Crescente;Ceu Claro;Múltipla;Reta;Urbano;2;2
83365002;2015-06-04;Quinta;21:00:00;SP;116;112.2;TAUBATE;Ingestão de álcool;Colisão traseira;Com Vítimas Feridas;Plena noite;Crescente;Nublado;Dupla;Reta;Urbano;2;2
83365073;2015-06-01;Segunda;18:30:00;SP;116;219.0;GUARULHOS;Não guardar distância de segurança;Colisão traseira;Com Vítimas Feridas;Plena noite;Crescente;Ceu Claro;Múltipla;Reta;Urbano;2;2
83365094;2015-06-07;Domingo;14:45:00;SP;116;104.0;TAUBATE;Não guardar distância de segurança;Colisão traseira;Sem Vítimas;Pleno dia;Crescente;Sol;Dupla;Reta;Rural;2;2
83365100;2015-06-05;Sexta;13:50:00;SP;116;227.8;SAO PAULO;Velocidade incompatível;Colisão traseira;Sem Vítimas;Pleno dia;Decrescente;Sol;Múltipla;Reta;Urbano;3;3
83365105;2015-06-06;Sábado;00:15:00;SP;116;223.0;GUARULHOS;Ultrapassagem indevida;Queda de motocicleta / bicicleta / veículo;Com Vítimas Feridas;Plena noite;Decrescente;Ceu Claro;Múltipla;Reta;Urbano;1;1
83365148;2015-06-07;Domingo;07:00:00;SP;116;138.0;SAO JOSE DOS CAMPOS;Não guardar distância de segurança;Colisão traseira;Sem Vítimas;Amanhecer;Decrescente;Ceu Claro;Dupla;Reta;Rural;2;2
83365173;2015-06-02;Terça;17:30:00;SP;116;144.4;SAO JOSE DOS CAMPOS;Não guardar distância de segurança;Colisão traseira;Com Vítimas Feridas;Anoitecer;Decrescente;Nublado;Dupla;Reta;Urbano;2;2
83365214;2015-06-05;Sexta;17:00:00;SP;116;227.0;GUARULHOS;Não guardar distância de segurança;Colisão lateral;Sem Vítimas;Anoitecer;Decrescente;Ceu Claro;Múltipla;Reta;Urbano;2;2
83365283;2015-06-06;Sábado;23:30:00;SP;116;213.0;GUARULHOS;Ultrapassagem indevida;Colisão com objeto fixo;Com Vítimas Feridas;Plena noite;Decrescente;Ceu Claro;Múltipla;Reta;Urbano;3;1
83365428;2015-06-06;Sábado;05:30:00;SP;116;176.0;GUARAREMA;Falta de atenção;Colisão traseira;Sem Vítimas;Amanhecer;Decrescente;Nevoeiro/neblina;Dupla;Reta;Rural;2;2
83365473;2015-06-04;Quinta;09:05:00;SP;116;215.5;GUARULHOS;Outras;Colisão traseira;Com Vítimas Feridas;Pleno dia;Crescente;Sol;Dupla;Reta;Urbano;2;2
83365489;2015-06-07;Domingo;03:10:00;SP;116;219.0;GUARULHOS;Velocidade incompatível;Colisão traseira;Com Vítimas Feridas;Plena noite;Crescente;Ceu Claro;Múltipla;Reta;Urbano;5;3
83365520;2015-06-06;Sábado;19:30:00;SP;116;138.6;SAO JOSE DOS CAMPOS;Outras;Colisão com bicicleta;Com Vítimas Feridas;Plena noite;Decrescente;Ceu Claro;Dupla;Reta;Rural;2;2
83365534;2015-06-10;Quarta;13:30:00;SP;116;154.0;SAO JOSE DOS CAMPOS;Outras;Colisão traseira;Sem Vítimas;Pleno dia;Crescente;Ceu Claro;Simples;Reta;Urbano;3;3
83365591;2015-06-10;Quarta;09:30:00;SP;116;113.8;TAUBATE;Outras;Colisão lateral;Com Vítimas Feridas;Pleno dia;Crescente;Ceu Claro;Dupla;Reta;Urbano;3;2
83365613;2015-06-09;Terça;12:55:00;SP;116;165.0;JACAREI;Falta de atenção;Colisão traseira;Sem Vítimas;Pleno dia;Decrescente;Sol;Múltipla;Reta;Rural;2;2
83365636;2015-06-06;Sábado;10:00:00;SP;116;221.0;GUARULHOS;Outras;Atropelamento de pessoa;Com Vítimas Feridas;Pleno dia;Crescente;Sol;Múltipla;Reta;Urbano;4;3
83365691;2015-06-08;Segunda;05:37:00;SP;116;154.3;SAO JOSE DOS CAMPOS;Defeito mecânico em veículo;Colisão traseira;Sem Vítimas;Amanhecer;Decrescente;Ceu Claro;Dupla;Reta;Rural;2;2
83365698;2015-06-07;Domingo;19:15:00;SP;116;149.5;SAO JOSE DOS CAMPOS;Defeito mecânico em veículo;Queda de motocicleta / bicicleta / veículo;Com Vítimas Feridas;Plena noite;Decrescente;Nublado;Dupla;Reta;Urbano;1;1
83365702;2015-06-10;Quarta;16:55:00;SP;116;165.0;JACAREI;Não guardar distância de segurança;Colisão traseira;Sem Vítimas;Pleno dia;Crescente;Ceu Claro;Múltipla;Reta;Rural;3;3
83365707;2015-06-08;Segunda;07:14:00;SP;116;157.0;SAO JOSE DOS CAMPOS;Falta de atenção;Colisão traseira;Sem Vítimas;Pleno dia;Crescente;Nublado;Dupla;Reta;Urbano;2;2
83365802;2015-06-10;Quarta;22:50:00;SP;116;223.0;GUARULHOS;Dormindo;Colisão com objeto fixo;Sem Vítimas;Plena noite;Crescente;Nublado;Múltipla;Reta;Urbano;2;2
83365819;2015-06-10;Quarta;16:40:00;SP;116;182.0;SANTA ISABEL;Outras;Colisão com objeto móvel;Sem Vítimas;Pleno dia;Decrescente;Ceu Claro;Dupla;Reta;Rural;1;1
83365853;2015-06-11;Quinta;08:15:00;SP;116;163.5;JACAREI;Falta de atenção;Colisão lateral;Sem Vítimas;Pleno dia;Crescente;Sol;Dupla;Reta;Rural;2;2
83365854;2015-06-11;Quinta;08:25:00;SP;116;162.0;JACAREI;Não guardar distância de segurança;Colisão traseira;Sem Vítimas;Pleno dia;Crescente;Sol;Dupla;Reta;Rural;2;2
83365871;2015-06-10;Quarta;16:55:00;SP;116;145.7;SAO JOSE DOS CAMPOS;Falta de atenção;Colisão lateral;Sem Vítimas;Pleno dia;Crescente;Ceu Claro;Dupla;Reta;Urbano;2;2
83365902;2015-06-03;Quarta;23:26:00;SP;116;176.0;GUARAREMA;Falta de atenção;Colisão traseira;Sem Vítimas;Plena noite;Crescente;Ceu Claro;Dupla;Reta;Rural;2;2
83365911;2015-06-08;Segunda;22:50:00;SP;116;142.8;SAO JOSE DOS CAMPOS;Falta de atenção;Colisão lateral;Com Vítimas Feridas;Plena noite;Decrescente;Nublado;Dupla;Reta;Urbano;3;3
83365912;2015-06-09;Terça;07:00:00;SP;116;126.6;CACAPAVA;Outras;Colisão traseira;Com Vítimas Feridas;Pleno dia;Crescente;Nevoeiro/neblina;Simples;Reta;Urbano;9;8
83365922;2015-06-07;Domingo;22:10:00;SP;116;112.5;TAUBATE;Não guardar distância de segurança;Colisão traseira;Sem Vítimas;Plena noite;Crescente;Ceu Claro;Dupla;Reta;Urbano;4;4
83365931;2015-06-08;Segunda;06:50:00;SP;116;141.0;SAO JOSE DOS CAMPOS;Falta de atenção;Colisão traseira;Sem Vítimas;Amanhecer;Crescente;Ceu Claro;Dupla;Reta;Urbano;2;2
83365937;2015-06-08;Segunda;07:00:00;SP;116;141.0;SAO JOSE DOS CAMPOS;Falta de atenção;Colisão lateral;Sem Vítimas;Pleno dia;Crescente;Ceu Claro;Dupla;Reta;Urbano;2;2
83365996;2015-06-11;Quinta;15:15:00;SP;116;216.0;GUARULHOS;Não guardar distância de segurança;Colisão traseira;Sem Vítimas;Pleno dia;Crescente;Ceu Claro;Múltipla;Reta;Urbano;3;3
83366026;2015-06-08;Segunda;07:30:00;SP;116;143.2;SAO JOSE DOS CAMPOS;Falta de atenção;Colisão traseira;Sem Vítimas;Pleno dia;Crescente;Ceu Claro;Dupla;Reta;Urbano;2;2
83366037;2015-06-11;Quinta;18:40:00;SP;116;155.0;SAO JOSE DOS CAMPOS;Não guardar distância de segurança;Colisão traseira;Sem Vítimas;Plena noite;Crescente;Ceu Claro;Dupla;Reta;Urbano;4;4
83366047;2015-06-11;Quinta;11:00:00;SP;116;227.0;GUARULHOS;Ultrapassagem indevida;Colisão traseira;Sem Vítimas;Pleno dia;Crescente;Sol;Múltipla;Reta;Urbano;2;2
83366050;2015-06-11;Quinta;13:30:00;SP;116;183.0;SANTA ISABEL;Falta de atenção;Colisão traseira;Sem Vítimas;Pleno dia;Decrescente;Ceu Claro;Dupla;Reta;Rural;2;2
83366197;2015-06-01;Segunda;22:45:00;SP;116;227.0;SAO PAULO;Outras;Colisão lateral;Sem Vítimas;Plena noite;Decrescente;Ceu Claro;Múltipla;Reta;Urbano;2;2
83366241;2015-06-08;Segunda;19:42:00;SP;116;146.0;SAO JOSE DOS CAMPOS;Outras;Colisão traseira;Sem Vítimas;Plena noite;Decrescente;Ceu Claro;Dupla;Reta;Urbano;3;3
83366244;2015-06-12;Sexta;08:35:00;SP;116;161.7;JACAREI;Outras;Colisão traseira;Sem Vítimas;Pleno dia;Crescente;Nublado;Dupla;Reta;Rural;4;4
83366271;2015-06-12;Sexta;08:20:00;SP;116;139.9;SAO JOSE DOS CAMPOS;Outras;Tombamento;Com Vítimas Feridas;Pleno dia;Crescente;Nublado;Dupla;Reta;Urbano;2;1
83366335;2015-06-09;Terça;01:50:00;SP;116;150.0;SAO JOSE DOS CAMPOS;Outras;Colisão traseira;Com Vítimas Feridas;Plena noite;Crescente;Ceu Claro;Dupla;Reta;Urbano;2;2
83366365;2015-06-08;Segunda;18:20:00;SP;116;137.0;SAO JOSE DOS CAMPOS;Outras;Capotamento;Sem Vítimas;Plena noite;Crescente;Ceu Claro;Simples;Reta;Urbano;1;1
83366432;2015-06-12;Sexta;17:40:00;SP;116;144.0;SAO JOSE DOS CAMPOS;Outras;Colisão traseira;Sem Vítimas;Anoitecer;Decrescente;Nublado;Múltipla;Reta;Urbano;2;2
83366481;2015-06-05;Sexta;04:20:00;SP;116;198.4;ARUJA;Outras;Tombamento;Sem Vítimas;Plena noite;Crescente;Ceu Claro;Dupla;Reta;Rural;1;1
83366492;2015-06-12;Sexta;19:00:00;SP;116;106.0;TAUBATE;Não guardar distância de segurança;Colisão traseira;Com Vítimas Feridas;Plena noite;Crescente;Ceu Claro;Dupla;Reta;Urbano;2;2
83366517;2015-06-12;Sexta;20:30:00;SP;116;147.0;SAO JOSE DOS CAMPOS;Outras;Colisão traseira;Sem Vítimas;Plena noite;Decrescente;Nublado;Múltipla;Reta;Urbano;3;3
83366541;2015-06-12;Sexta;19:20:00;SP;116;218.0;GUARULHOS;Outras;Colisão traseira;Sem Vítimas;Plena noite;Crescente;Nublado;Múltipla;Reta;Urbano;3;3
83366625;2015-06-13;Sábado;00:10:00;SP;116;99.0;PINDAMONHANGABA;Falta de atenção;Colisão traseira;Sem Vítimas;Plena noite;Decrescente;Ceu Claro;Dupla;Reta;Urbano;2;2
83366707;2015-06-13;Sábado;11:00:00;SP;116;106.0;TAUBATE;Defeito mecânico em veículo;Danos Eventuais;Sem Vítimas;Pleno dia;Decrescente;Ceu Claro;Dupla;Reta;Urbano;1;1
83366769;2015-06-13;Sábado;11:40:00;SP;116;212.8;GUARULHOS;Ingestão de álcool;Colisão traseira;Sem Vítimas;Pleno dia;Crescente;Sol;Múltipla;Reta;Urbano;2;2
83366790;2015-06-09;Terça;22:00:00;SP;116;212.0;GUARULHOS;Não guardar distância de segurança;Colisão lateral;Com Vítimas Feridas;Plena noite;Decrescente;Ceu Claro;Múltipla;Reta;Urbano;2;2
83366849;2015-06-12;Sexta;06:55:00;SP;116;221.0;GUARULHOS;Falta de atenção;Colisão lateral;Sem Vítimas;Pleno dia;Crescente;Nublado;Múltipla;Reta;Urbano;2;2
83366874;2015-05-30;Sábado;14:00:00;SP;116;204.0;ARUJA;Falta de atenção;Colisão com objeto fixo;Sem Vítimas;Pleno dia;Decrescente;Ceu Claro;Dupla;Reta;Urbano;1;1
83366876;2015-06-05;Sexta;10:15:00;SP;116;228.0;SAO PAULO;Falta de atenção;Colisão lateral;Com Vítimas Feridas;Pleno dia;Crescente;Sol;Múltipla;Reta;Urbano;2;2
83366881;2015-06-01;Segunda;12:45:00;SP;116;212.0;GUARULHOS;Não guardar distância de segurança;Colisão traseira;Sem Vítimas;Pleno dia;Crescente;Nublado;Múltipla;Reta;Urbano;2;2
83367024;2015-06-12;Sexta;02:00:00;SP;116;221.4;GUARULHOS;Outras;Atropelamento de pessoa;Com Vítimas Feridas;Plena noite;Crescente;Ceu Claro;Múltipla;Reta;Urbano;2;1
83367045;2015-06-12;Sexta;07:25:00;SP;116;218.0;GUARULHOS;Falta de atenção;Colisão lateral;Sem Vítimas;Pleno dia;Crescente;Ceu Claro;Múltipla;Reta;Urbano;2;2
83367071;2015-06-14;Domingo;08:15:00;SP;116;99.1;PINDAMONHANGABA;Dormindo;Colisão traseira;Com Vítimas Feridas;Pleno dia;Crescente;Ceu Claro;Dupla;Reta;Rural;3;2
83367081;2015-06-10;Quarta;19:15:00;SP;116;129.2;CACAPAVA;Outras;Colisão com objeto fixo;Com Vítimas Feridas;Plena noite;Crescente;Ceu Claro;Dupla;Reta;Urbano;2;1
83367136;2015-06-12;Sexta;19:10:00;SP;116;218.0;GUARULHOS;Outras;Colisão traseira;Sem Vítimas;Plena noite;Crescente;Nublado;Simples;Reta;Urbano;3;3
83367152;2015-06-05;Sexta;01:35:00;SP;116;225.0;SAO PAULO;Outras;Colisão frontal;Com Vítimas Feridas;Plena noite;Decrescente;Ceu Claro;Múltipla;Reta;Urbano;3;2
83367155;2015-06-08;Segunda;16:20:00;SP;116;227.0;SAO PAULO;Outras;Colisão lateral;Com Vítimas Feridas;Pleno dia;Crescente;Ceu Claro;Múltipla;Reta;Urbano;3;2
83367181;2015-06-05;Sexta;05:15:00;SP;116;219.0;GUARULHOS;Outras;Colisão traseira;Sem Vítimas;Amanhecer;Decrescente;Ceu Claro;Múltipla;Reta;Urbano;2;2
83367353;2015-06-11;Quinta;13:39:00;SP;116;145.8;SAO JOSE DOS CAMPOS;Não guardar distância de segurança;Colisão lateral;Sem Vítimas;Pleno dia;Crescente;Sol;Dupla;Reta;Urbano;3;3
83367364;2015-06-11;Quinta;13:39:00;SP;116;146.4;SAO JOSE DOS CAMPOS;Outras;Derramamento de Carga;Sem Vítimas;Pleno dia;Crescente;Sol;Dupla;Reta;Urbano;2;2
83367417;2015-06-15;Segunda;08:50:00;SP;116;154.7;SAO JOSE DOS CAMPOS;Outras;Saída de Pista;Sem Vítimas;Pleno dia;Crescente;Chuva;Dupla;Reta;Urbano;2;2
83367434;2015-06-13;Sábado;05:30:00;SP;116;213.8;GUARULHOS;Velocidade incompatível;Colisão traseira;Com Vítimas Feridas;Plena noite;Decrescente;Nevoeiro/neblina;Múltipla;Reta;Urbano;4;4
83367489;2015-06-15;Segunda;11:40:00;SP;116;219.0;GUARULHOS;Falta de atenção;Colisão traseira;Sem Vítimas;Pleno dia;Decrescente;Chuva;Múltipla;Reta;Urbano;2;2
83367513;2015-06-13;Sábado;08:15:00;SP;116;219.0;GUARULHOS;Velocidade incompatível;Colisão traseira;Com Vítimas Feridas;Pleno dia;Crescente;Ceu Claro;Múltipla;Reta;Urbano;3;3
83367540;2015-06-15;Segunda;15:00:00;SP;116;228.0;SAO PAULO;Não guardar distância de segurança;Colisão traseira;Sem Vítimas;Pleno dia;Decrescente;Chuva;Múltipla;Reta;Urbano;3;3
83367605;2015-06-15;Segunda;14:45:00;SP;116;158.0;JACAREI;Outras;Saída de Pista;Com Vítimas Feridas;Pleno dia;Crescente;Chuva;Dupla;Reta;Urbano;2;2
83367628;2015-06-15;Segunda;18:43:00;SP;116;224.0;GUARULHOS;Não guardar distância de segurança;Colisão traseira;Sem Vítimas;Plena noite;Decrescente;Chuva;Múltipla;Reta;Urbano;3;3
83367856;2015-06-08;Segunda;08:50:00;SP;116;100.0;PINDAMONHANGABA;Outras;Saída de Pista;Com Vítimas Feridas;Pleno dia;Crescente;Ceu Claro;Dupla;Reta;Urbano;1;1