id;data_inversa;dia_semana;horario;uf;br;km;municipio;causa_acidente;tipo_acidente;classificacao_acidente;fase_dia;sentido_via;condicao_metereologica;tipo_pista;tracado_via;uso_solo;pessoas;veiculos
83384716;2015-08-10;Segunda;07:20:00;SP;116;227.1;SAO PAULO;Não guardar distância de segurança;Colisão lateral;Com Vítimas Feridas;Pleno dia;Crescente;Ceu Claro;Múltipla;Reta;Urbano;2;2
83384769;2015-08-09;Domingo;18:00:00;SP;116;211.0;GUARULHOS;Falta de atenção;Colisão traseira;Sem Vítimas;Anoitecer;Crescente;Ceu Claro;Dupla;Reta;Urbano;2;2
83384775;2015-08-10;Segunda;07:50:00;SP;116;225.5;GUARULHOS;Falta de atenção;Colisão lateral;Com Vítimas Feridas;Pleno dia;Crescente;Sol;Múltipla;Reta;Urbano;3;3
83384833;2015-08-10;Segunda;16:20:00;SP;116;117.7;TAUBATE;Defeito mecânico em veículo;Colisão lateral;Com Vítimas Feridas;Pleno dia;Decrescente;Nublado;Dupla;Reta;Rural;4;3
83384849;2015-08-10;Segunda;14:00:00;SP;116;220.0;GUARULHOS;Outras;Colisão traseira;Com Vítimas Feridas;Pleno dia;Crescente;Ceu Claro;Múltipla;Reta;Urbano;2;2
83384911;2015-08-04;Terça;19:20:00;SP;116;218.0;GUARULHOS;Falta de atenção;Colisão lateral;Com Vítimas Feridas;Plena noite;Decrescente;Nublado;Múltipla;Reta;Urbano;2;2
83384933;2015-08-11;Terça;07:50:00;SP;116;146.0;SAO JOSE DOS CAMPOS;Não guardar distância de segurança;Colisão traseira;Com Vítimas Feridas;Pleno dia;Crescente;Ceu Claro;Dupla;Reta;Urbano;3;2
83384940;2015-08-08;Sábado;08:10:00;SP;116;181.5;GUARAREMA;Outras;Colisão com objeto fixo;Sem Vítimas;Pleno dia;Decrescente;Ceu Claro;Dupla;Reta;Urbano;1;1
83384991;2015-08-11;Terça;08:20:00;SP;116;209.0;GUARULHOS;Outras;Colisão traseira;Sem Vítimas;Pleno dia;Crescente;Ceu Claro;Múltipla;Reta;Urbano;3;3
83385033;2015-08-11;Terça;08:30:00;SP;116;140.2;SAO JOSE DOS CAMPOS;Não guardar distância de segurança;Colisão traseira;Sem Vítimas;Pleno dia;Crescente;Ceu Claro;Dupla;Reta;Urbano;4;4
83385077;2015-08-10;Segunda;18:00:00;SP;116;147.0;SAO JOSE DOS CAMPOS;Falta de atenção;Colisão lateral;Com Vítimas Feridas;Anoitecer;Crescente;Ceu Claro;Dupla;Reta;Rural;2;2
83385139;2015-08-11;Terça;11:30:00;SP;116;224.0;GUARULHOS;Outras;Colisão com objeto fixo;Sem Vítimas;Pleno dia;Decrescente;Ceu Claro;Múltipla;Reta;Urbano;1;1
83385175;2015-08-11;Terça;08:35:00;SP;116;214.4;GUARULHOS;Outras;Queda de motocicleta / bicicleta / veículo;Com Vítimas Feridas;Pleno dia;Crescente;Sol;Múltipla;Reta;Urbano;2;1
83385192;2015-08-08;Sábado;09:00:00;SP;116;112.6;TAUBATE;Falta de atenção;Colisão traseira;Sem Vítimas;Pleno dia;Decrescente;Ceu Claro;Dupla;Reta;Urbano;4;4
83385234;2015-08-10;Segunda;09:59:00;SP;116;228.0;SAO PAULO;Falta de atenção;Colisão traseira;Sem Vítimas;Pleno dia;Crescente;Sol;Múltipla;Reta;Urbano;2;2
83385281;2015-08-12;Quarta;07:45:00;SP;116;137.6;SAO JOSE DOS CAMPOS;Não guardar distância de segurança;Colisão traseira;Com Vítimas Feridas;Pleno dia;Crescente;Sol;Dupla;Reta;Urbano;3;3
83385305;2015-08-12;Quarta;10:15:00;SP;116;116.2;TAUBATE;Outras;Atropelamento de pessoa;Com Vítimas Fatais;Pleno dia;Decrescente;Ceu Claro;Dupla;Reta;Urbano;2;1
83385321;2015-08-08;Sábado;23:05:00;SP;116;210.0;GUARULHOS;Falta de atenção;Colisão traseira;Com Vítimas Feridas;Plena noite;Decrescente;Ceu Claro;Dupla;Reta;Urbano;7;4
83385326;2015-08-08;Sábado;23:15:00;SP;116;228.9;SAO PAULO;Velocidade incompatível;Colisão traseira;Com Vítimas Feridas;Plena noite;Crescente;Ceu Claro;Múltipla;Reta;Urbano;3;2
83385369;2015-08-12;Quarta;08:00:00;SP;116;228.3;SAO PAULO;Falta de atenção;Colisão traseira;Sem Vítimas;Pleno dia;Crescente;Ceu Claro;Múltipla;Reta;Urbano;2;2
83385517;2015-08-06;Quinta;06:30:00;SP;116;110.4;TAUBATE;Outras;Queda de motocicleta / bicicleta / veículo;Com Vítimas Feridas;Amanhecer;Crescente;Ceu Claro;Dupla;Reta;Rural;2;1
83385544;2015-08-13;Quinta;08:30:00;SP;116;223.0;GUARULHOS;Falta de atenção;Queda de motocicleta / bicicleta / veículo;Com Vítimas Feridas;Pleno dia;Crescente;Ceu Claro;Múltipla;Reta;Urbano;3;3
83385564;2015-08-13;Quinta;07:30:00;SP;116;227.6;SAO PAULO;Outras;Colisão traseira;Com Vítimas Feridas;Pleno dia;Crescente;Ceu Claro;Múltipla;Reta;Urbano;3;3
83385677;2015-08-13;Quinta;14:40:00;SP;116;111.8;TAUBATE;Outras;Saída de Pista;Com Vítimas Feridas;Pleno dia;Crescente;Ceu Claro;Dupla;Reta;Rural;1;1
83385678;2015-08-13;Quinta;19:50:00;SP;116;149.9;SAO JOSE DOS CAMPOS;Falta de atenção;Capotamento;Com Vítimas Feridas;Plena noite;Decrescente;Ceu Claro;Múltipla;Reta;Urbano;2;1
83385792;2015-08-12;Quarta;08:00:00;SP;116;144.0;SAO JOSE DOS CAMPOS;Não guardar distância de segurança;Colisão traseira;Sem Vítimas;Pleno dia;Crescente;Ceu Claro;Dupla;Reta;Urbano;2;2
83385872;2015-08-14;Sexta;11:00:00;SP;116;212.0;GUARULHOS;Falta de atenção;Colisão lateral;Sem Vítimas;Pleno dia;Crescente;Sol;Múltipla;Reta;Urbano;2;2
83385905;2015-08-12;Quarta;06:30:00;SP;116;227.0;GUARULHOS;Outras;Colisão traseira;Sem Vítimas;Amanhecer;Decrescente;Ceu Claro;Múltipla;Reta;Urbano;3;3
83385930;2015-08-11;Terça;12:30:00;SP;116;211.0;GUARULHOS;Outras;Atropelamento de pessoa;Com Vítimas Feridas;Pleno dia;Decrescente;Ceu Claro;Múltipla;Reta;Urbano;2;1
83385947;2015-08-14;Sexta;15:45:00;SP;116;109.8;TAUBATE;Não guardar distância de segurança;Colisão traseira;Sem Vítimas;Pleno dia;Decrescente;Ceu Claro;Dupla;Reta;Urbano;3;2
83386082;2015-08-15;Sábado;10:15:00;SP;116;111.0;TAUBATE;Outras;Colisão com objeto fixo;Com Vítimas Feridas;Pleno dia;Decrescente;Ceu Claro;Dupla;Reta;Urbano;1;1
83386086;2015-08-15;Sábado;08:00:00;SP;116;110.5;TAUBATE;Outras;Queda de motocicleta / bicicleta / veículo;Com Vítimas Feridas;Pleno dia;Decrescente;Ceu Claro;Dupla;Reta;Urbano;1;1
83386088;2015-08-11;Terça;22:00:00;SP;116;107.0;TAUBATE;Outras;Capotamento;Sem Vítimas;Plena noite;Crescente;Ceu Claro;Dupla;Reta;Urbano;2;2
83386118;2015-08-15;Sábado;01:30:00;SP;116;104.6;TAUBATE;Outras;Colisão traseira;Com Vítimas Feridas;Plena noite;Decrescente;Ceu Claro;Dupla;Reta;Rural;6;4
83386151;2015-08-15;Sábado;09:50:00;SP;116;221.0;GUARULHOS;Outras;Colisão traseira;Com Vítimas Feridas;Pleno dia;Crescente;Sol;Múltipla;Reta;Urbano;2;2
83386166;2015-08-14;Sexta;10:15:00;SP;116;143.1;SAO JOSE DOS CAMPOS;Falta de atenção;Colisão lateral;Com Vítimas Feridas;Pleno dia;Crescente;Ceu Claro;Dupla;Reta;Urbano;2;2
83386192;2015-08-15;Sábado;19:00:00;SP;116;107.0;TAUBATE;Não guardar distância de segurança;Colisão traseira;Sem Vítimas;Plena noite;Decrescente;Ceu Claro;Dupla;Reta;Urbano;2;2
83386287;2015-08-16;Domingo;04:35:00;SP;116;226.0;GUARULHOS;Outras;Capotamento;Com Vítimas Feridas;Plena noite;Decrescente;Nublado;Simples;Reta;Urbano;1;1
83386296;2015-08-15;Sábado;09:10:00;SP;116;214.0;GUARULHOS;Outras;Colisão traseira;Sem Vítimas;Pleno dia;Crescente;Sol;Simples;Reta;Urbano;3;3
83386371;2015-08-13;Quinta;07:15:00;SP;116;221.0;GUARULHOS;Outras;Colisão traseira;Sem Vítimas;Pleno dia;Decrescente;Sol;Múltipla;Reta;Urbano;2;2
83386554;2015-08-17;Segunda;06:40:00;SP;116;144.0;SAO JOSE DOS CAMPOS;Outras;Colisão traseira;Sem Vítimas;Amanhecer;Crescente;Ceu Claro;Múltipla;Reta;Urbano;3;3
83386566;2015-08-14;Sexta;07:15:00;SP;116;211.0;GUARULHOS;Não guardar distância de segurança;Colisão lateral;Com Vítimas Feridas;Amanhecer;Crescente;Ceu Claro;Simples;Reta;Urbano;2;2
83386599;2015-08-14;Sexta;08:20:00;SP;116;214.0;GUARULHOS;Não guardar distância de segurança;Colisão lateral;Com Vítimas Feridas;Pleno dia;Decrescente;Ceu Claro;Múltipla;Reta;Urbano;2;2
83386634;2015-08-17;Segunda;10:00:00;SP;116;223.0;GUARULHOS;Desobediência à sinalização;Colisão traseira;Sem Vítimas;Pleno dia;Decrescente;Sol;Múltipla;Reta;Urbano;2;2
83386639;2015-08-17;Segunda;09:05:00;SP;116;226.9;GUARULHOS;Outras;Colisão lateral;Com Vítimas Feridas;Pleno dia;Crescente;Ceu Claro;Múltipla;Reta;Urbano;3;3
83386739;2015-08-15;Sábado;08:30:00;SP;116;211.0;GUARULHOS;Outras;Colisão traseira;Sem Vítimas;Pleno dia;Crescente;Ceu Claro;Múltipla;Reta;Urbano;3;3
83386794;2015-08-17;Segunda;22:30:00;SP;116;225.0;GUARULHOS;Falta de atenção;Colisão com objeto fixo;Com Vítimas Feridas;Plena noite;Decrescente;Ceu Claro;Múltipla;Reta;Urbano;2;2
83386819;2015-08-17;Segunda;19:45:00;SP;116;219.0;GUARULHOS;Não guardar distância de segurança;Colisão traseira;Com Vítimas Feridas;Anoitecer;Decrescente;Ceu Claro;Simples;Reta;Urbano;2;2
83386826;2015-08-14;Sexta;07:10:00;SP;116;222.0;GUARULHOS;Não guardar distância de segurança;Colisão traseira;Com Vítimas Feridas;Pleno dia;Crescente;Ceu Claro;Múltipla;Reta;Urbano;2;2
83386862;2015-04-07;Terça;17:22:00;SP;116;117.5;TAUBATE;Não guardar distância de segurança;Colisão traseira;Sem Vítimas;Pleno dia;Decrescente;Nublado;Dupla;Reta;Urbano;7;7
83386935;2015-08-18;Terça;07:00:00;SP;116;219.0;GUARULHOS;Falta de atenção;Colisão lateral;Sem Vítimas;Pleno dia;Crescente;Ceu Claro;Múltipla;Reta;Urbano;2;2
83386944;2015-08-14;Sexta;23:40:00;SP;116;166.0;JACAREI;Não guardar distância de segurança;Colisão com objeto móvel;Com Vítimas Feridas;Plena noite;Decrescente;Ceu Claro;Dupla;Reta;Rural;6;3
83386985;2015-08-18;Terça;17:00:00;SP;116;220.1;GUARULHOS;Falta de atenção;Colisão traseira;Sem Vítimas;Pleno dia;Decrescente;Ceu Claro;Múltipla;Reta;Urbano;3;2
83387043;2015-08-18;Terça;12:45:00;SP;116;222.6;GUARULHOS;Falta de atenção;Colisão lateral;Com Vítimas Feridas;Pleno dia;Decrescente;Sol;Múltipla;Reta;Urbano;2;2
83387094;2015-08-18;Terça;19:15:00;SP;116;227.0;SAO PAULO;Outras;Colisão com objeto móvel;Com Vítimas Feridas;Anoitecer;Crescente;Ceu Claro;Múltipla;Reta;Urbano;1;1
83387096;2015-08-16;Domingo;02:00:00;SP;116;139.4;SAO JOSE DOS CAMPOS;Ingestão de álcool;Colisão com objeto fixo;Sem Vítimas;Plena noite;Decrescente;Ceu Claro;Dupla;Reta;Urbano;1;1
83387150;2015-08-19;Quarta;08:20:00;SP;116;140.0;SAO JOSE DOS CAMPOS;Falta de atenção;Colisão traseira;Sem Vítimas;Pleno dia;Crescente;Sol;Dupla;Reta;Urbano;2;2
83387154;2015-08-19;Quarta;09:45:00;SP;116;144.8;SAO JOSE DOS CAMPOS;Animais na Pista;Colisão traseira;Com Vítimas Feridas;Pleno dia;Crescente;Ceu Claro;Dupla;Reta;Urbano;2;2
83387176;2015-08-19;Quarta;08:15:00;SP;116;139.0;SAO JOSE DOS CAMPOS;Falta de atenção;Colisão traseira;Sem Vítimas;Pleno dia;Crescente;Ceu Claro;Dupla;Reta;Urbano;2;2
83387200;2015-08-19;Quarta;08:10:00;SP;116;140.3;SAO JOSE DOS CAMPOS;Falta de atenção;Colisão traseira;Sem Vítimas;Pleno dia;Crescente;Ceu Claro;Dupla;Reta;Urbano;3;3
83387323;2015-08-19;Quarta;23:05:00;SP;116;212.0;GUARULHOS;Outras;Colisão lateral;Sem Vítimas;Plena noite;Decrescente;Nublado;Simples;Reta;Urbano;2;2
83387367;2015-08-19;Quarta;19:20:00;SP;116;207.0;GUARULHOS;Outras;Queda de motocicleta / bicicleta / veículo;Com Vítimas Feridas;Plena noite;Crescente;Ceu Claro;Múltipla;Reta;Urbano;1;1
83387379;2015-08-17;Segunda;07:15:00;SP;116;108.6;TAUBATE;Outras;Queda de motocicleta / bicicleta / veículo;Com Vítimas Feridas;Pleno dia;Crescente;Ceu Claro;Dupla;Reta;Urbano;2;1
83387419;2015-08-16;Domingo;20:30:00;SP;116;203.0;ARUJA;Outras;Colisão com objeto fixo;Com Vítimas Feridas;Plena noite;Crescente;Ceu Claro;Dupla;Reta;Rural;4;1
83387574;2015-08-19;Quarta;21:15:00;SP;116;210.0;GUARULHOS;Outras;Colisão traseira;Sem Vítimas;Plena noite;Crescente;Ceu Claro;Dupla;Reta;Urbano;4;4
83387605;2015-08-20;Quinta;16:00:00;SP;116;165.0;JACAREI;Falta de atenção;Colisão traseira;Com Vítimas Feridas;Pleno dia;Crescente;Ceu Claro;Múltipla;Reta;Urbano;2;2
83387714;2015-08-19;Quarta;19:10:00;SP;116;122.6;CACAPAVA;Falta de atenção;Colisão traseira;Com Vítimas Feridas;Plena noite;Decrescente;Nublado;Dupla;Reta;Urbano;3;3
83387734;2015-08-18;Terça;05:05:00;SP;116;222.6;GUARULHOS;Outras;Capotamento;Com Vítimas Feridas;Amanhecer;Decrescente;Ceu Claro;Múltipla;Reta;Urbano;2;2
83387878;2015-08-21;Sexta;21:50:00;SP;116;163.5;JACAREI;Falta de atenção;Capotamento;Sem Vítimas;Plena noite;Decrescente;Ceu Claro;Dupla;Reta;Rural;1;1
83387926;2015-08-21;Sexta;09:51:00;SP;116;107.1;TAUBATE;Outras;Atropelamento de pessoa;Com Vítimas Feridas;Pleno dia;Crescente;Ceu Claro;Dupla;Reta;Urbano;2;1
83387936;2015-08-21;Sexta;21:15:00;SP;116;224.0;GUARULHOS;Outras;Colisão lateral;Com Vítimas Fatais;Plena noite;Decrescente;Nublado;Múltipla;Reta;Urbano;2;2
83387955;2015-08-21;Sexta;20:15:00;SP;116;159.0;JACAREI;Outras;Colisão lateral;Sem Vítimas;Plena noite;Crescente;Ceu Claro;Dupla;Reta;Urbano;2;2
83388039;2015-08-14;Sexta;18:20:00;SP;116;147.5;SAO JOSE DOS CAMPOS;Falta de atenção;Colisão lateral;Com Vítimas Feridas;Plena noite;Decrescente;Ceu Claro;Dupla;Reta;Urbano;2;2
83388094;2015-08-21;Sexta;08:30:00;SP;116;227.0;GUARULHOS;Defeito mecânico em veículo;Queda de motocicleta / bicicleta / veículo;Com Vítimas Feridas;Pleno dia;Decrescente;Ceu Claro;Simples;Curva;Urbano;1;1
83388226;2015-08-23;Domingo;05:10:00;SP;116;158.5;JACAREI;Outras;Colisão com objeto fixo;Sem Vítimas;Amanhecer;Decrescente;Nublado;Dupla;Reta;Rural;1;1
83388230;2015-08-20;Quinta;04:40:00;SP;116;218.9;GUARULHOS;Outras;Colisão com objeto fixo;Com Vítimas Feridas;Amanhecer;Crescente;Ceu Claro;Múltipla;Reta;Urbano;1;1
83388274;2015-08-23;Domingo;09:45:00;SP;116;220.3;GUARULHOS;Outras;Capotamento;Sem Vítimas;Pleno dia;Crescente;Sol;Simples;Reta;Urbano;2;2
83388299;2015-08-23;Domingo;12:35:00;SP;116;209.0;GUARULHOS;Outras;Colisão lateral;Sem Vítimas;Pleno dia;Decrescente;Ceu Claro;Múltipla;Reta;Urbano;2;2
83388312;2015-08-23;Domingo;06:50:00;SP;116;210.3;GUARULHOS;Outras;Queda de motocicleta / bicicleta / veículo;Com Vítimas Feridas;Pleno dia;Decrescente;Sol;Dupla;Reta;Urbano;2;1
83388315;2015-08-23;Domingo;13:30:00;SP;116;103.0;PINDAMONHANGABA;Defeito mecânico em veículo;Queda de motocicleta / bicicleta / veículo;Com Vítimas Feridas;Pleno dia;Crescente;Ceu Claro;Dupla;Reta;Urbano;2;1
83388506;2015-08-21;Sexta;16:00:00;SP;116;227.0;GUARULHOS;Outras;Queda de motocicleta / bicicleta / veículo;Com Vítimas Fatais;Pleno dia;Decrescente;Ceu Claro;Múltipla;Reta;Urbano;3;2
83388522;2015-08-24;Segunda;07:45:00;SP;116;121.8;CACAPAVA;Defeito mecânico em veículo;Queda de motocicleta / bicicleta / veículo;Com Vítimas Feridas;Pleno dia;Decrescente;Ceu Claro;Dupla;Reta;Rural;2;1
83388543;2015-08-21;Sexta;00:13:00;SP;116;110.9;TAUBATE;Outras;Queda de motocicleta / bicicleta / veículo;Com Vítimas Feridas;Plena noite;Decrescente;Ceu Claro;Dupla;Reta;Urbano;2;2
83388548;2015-08-20;Quinta;18:45:00;SP;116;149.7;SAO JOSE DOS CAMPOS;Ingestão de álcool;Colisão traseira;Com Vítimas Feridas;Plena noite;Decrescente;Ceu Claro;Múltipla;Reta;Urbano;4;3
83388557;2015-08-24;Segunda;06:05:00;SP;116;219.7;GUARULHOS;Outras;Colisão traseira;Com Vítimas Feridas;Pleno dia;Crescente;Nublado;Múltipla;Reta;Urbano;3;2
83388662;2015-08-22;Sábado;18:50:00;SP;116;147.0;SAO JOSE DOS CAMPOS;Falta de atenção;Colisão traseira;Sem Vítimas;Anoitecer;Crescente;Ceu Claro;Dupla;Reta;Rural;3;3
83388689;2015-08-22;Sábado;19:00:00;SP;116;144.0;SAO JOSE DOS CAMPOS;Falta de atenção;Colisão traseira;Com Vítimas Feridas;Plena noite;Crescente;Ceu Claro;Dupla;Reta;Rural;4;3
83388705;2015-08-22;Sábado;16:06:00;SP;116;205.0;ARUJA;Outras;Colisão com objeto fixo;Sem Vítimas;Pleno dia;Decrescente;Sol;Dupla;Reta;Rural;3;2
83388724;2015-08-24;Segunda;18:50:00;SP;116;215.0;GUARULHOS;Não guardar distância de segurança;Colisão traseira;Com Vítimas Feridas;Plena noite;Crescente;Nublado;Múltipla;Reta;Urbano;2;2
83388729;2015-08-24;Segunda;20:10:00;SP;116;154.0;SAO JOSE DOS CAMPOS;Outras;Colisão com objeto fixo;Sem Vítimas;Plena noite;Decrescente;Nublado;Dupla;Reta;Urbano;1;1
83388793;2015-08-23;Domingo;04:25:00;SP;116;228.0;SAO PAULO;Outras;Colisão com objeto fixo;Sem Vítimas;Plena noite;Decrescente;Nublado;Múltipla;Reta;Urbano;1;1
83388806;2015-07-16;Quinta;08:50:00;SP;116;228.4;SAO PAULO;Outras;Queda de motocicleta / bicicleta / veículo;Com Vítimas Feridas;Pleno dia;Crescente;Ceu Claro;Múltipla;Reta;Urbano;2;2
83388819;2015-08-24;Segunda;13:10:00;SP;116;122.0;CACAPAVA;Falta de atenção;Colisão Transversal;Sem Vítimas;Pleno dia;Crescente;Nublado;Dupla;Reta;Rural;2;2
83388862;2015-08-24;Segunda;02:05:00;SP;116;223.8;GUARULHOS;Outras;Capotamento;Com Vítimas Feridas;Plena noite;Crescente;Nublado;Simples;Reta;Urbano;4;1
83389010;2015-08-25;Terça;17:15:00;SP;116;178.0;GUARAREMA;Falta de atenção;Tombamento;Sem Vítimas;Pleno dia;Crescente;Nublado;Dupla;Reta;Rural;1;1
83389119;2015-07-27;Segunda;13:00:00;SP;116;219.0;GUARULHOS;Falta de atenção;Colisão lateral;Com Vítimas Feridas;Pleno dia;Decrescente;Sol;Múltipla;Reta;Urbano;3;2
83389165;2015-08-24;Segunda;09:00:00;SP;116;146.0;SAO JOSE DOS CAMPOS;Não guardar distância de segurança;Colisão traseira;Com Vítimas Feridas;Pleno dia;Crescente;Ceu Claro;Simples;Reta;Urbano;3;2
83389207;2015-08-24;Segunda;17:30:00;SP;116;157.0;SAO JOSE DOS CAMPOS;Não guardar distância de segurança;Colisão traseira;Sem Vítimas;Anoitecer;Crescente;Nublado;Múltipla;Reta;Urbano;3;3
83389226;2015-08-22;Sábado;11:30:00;SP;116;161.9;JACAREI;Falta de atenção;Colisão com objeto fixo;Sem Vítimas;Pleno dia;Crescente;Ceu Claro;Dupla;Reta;Rural;1;1
83389245;2015-08-26;Quarta;20:28:00;SP;116;214.4;GUARULHOS;Outras;Colisão traseira;Com Vítimas Feridas;Plena noite;Crescente;Ceu Claro;Múltipla;Reta;Urbano;5;2
83389291;2015-08-26;Quarta;13:40:00;SP;116;210.0;GUARULHOS;Falta de atenção;Colisão com objeto fixo;Com Vítimas Feridas;Pleno dia;Decrescente;Sol;Múltipla;Curva;Urbano;1;1
83389417;2015-08-25;Terça;05:40:00;SP;116;127.8;CACAPAVA;Falta de atenção;Colisão traseira;Sem Vítimas;Amanhecer;Crescente;Nublado;Dupla;Reta;Urbano;7;5
83389455;2015-08-27;Quinta;15:05:00;SP;116;205.0;ARUJA;Outras;Colisão traseira;Sem Vítimas;Pleno dia;Crescente;Chuva;Múltipla;Reta;Urbano;2;2
83389570;2015-08-27;Quinta;18:35:00;SP;116;227.8;SAO PAULO;Outras;Colisão lateral;Sem Vítimas;Plena noite;Crescente;Nublado;Simples;Reta;Urbano;2;2
83389611;2015-08-25;Terça;05:45:00;SP;116;127.8;CACAPAVA;Falta de atenção;Colisão traseira;Sem Vítimas;Amanhecer;Crescente;Nublado;Dupla;Reta;Urbano;3;3
83389649;2015-08-28;Sexta;08:45:00;SP;116;140.4;SAO JOSE DOS CAMPOS;Falta de atenção;Colisão traseira;Sem Vítimas;Pleno dia;Crescente;Ceu Claro;Dupla;Reta;Urbano;7;6
83389693;2015-08-28;Sexta;16:00:00;SP;116;218.0;GUARULHOS;Falta de atenção;Colisão lateral;Sem Vítimas;Pleno dia;Decrescente;Sol;Múltipla;Reta;Urbano;2;2
83389754;2015-08-28;Sexta;18:00:00;SP;116;156.0;SAO JOSE DOS CAMPOS;Outras;Colisão traseira;Sem Vítimas;Plena noite;Decrescente;Ceu Claro;Dupla;Reta;Urbano;2;2
83389852;2015-08-26;Quarta;03:15:00;SP;116;229.0;SAO PAULO;Não guardar distância de segurança;Colisão traseira;Com Vítimas Feridas;Plena noite;Decrescente;Ceu Claro;Simples;Reta;Urbano;2;2
83389874;2015-08-25;Terça;22:50:00;SP;116;225.0;GUARULHOS;Outras;Colisão com objeto fixo;Com Vítimas Feridas;Plena noite;Crescente;Ceu Claro;Dupla;Reta;Urbano;1;1
83389944;2015-08-29;Sábado;11:00:00;SP;116;218.9;GUARULHOS;Outras;Tombamento;Sem Vítimas;Pleno dia;Decrescente;Ceu Claro;Múltipla;Curva;Urbano;1;1
83389967;2015-08-28;Sexta;18:20:00;SP;116;158.0;SAO JOSE DOS CAMPOS;Não guardar distância de segurança;Colisão traseira;Sem Vítimas;Plena noite;Decrescente;Ceu Claro;Múltipla;Reta;Urbano;3;3
83389996;2015-08-29;Sábado;17:40:00;SP;116;221.0;GUARULHOS;Outras;Colisão lateral;Com Vítimas Feridas;Anoitecer;Decrescente;Ceu Claro;Múltipla;Reta;Urbano;3;2
83389999;2015-08-29;Sábado;18:40:00;SP;116;223.1;GUARULHOS;Falta de atenção;Colisão lateral;Com Vítimas Feridas;Plena noite;Decrescente;Ceu Claro;Múltipla;Reta;Urbano;2;2
83390071;2015-08-29;Sábado;20:10:00;SP;116;216.0;GUARULHOS;Desobediência à sinalização;Colisão traseira;Com Vítimas Feridas;Plena noite;Decrescente;Ceu Claro;Simples;Reta;Urbano;2;2
83390168;2015-08-28;Sexta;19:30:00;SP;116;156.6;SAO JOSE DOS CAMPOS;Não guardar distância de segurança;Colisão traseira;Sem Vítimas;Plena noite;Decrescente;Ceu Claro;Múltipla;Reta;Urbano;3;3
83390221;2015-08-30;Domingo;15:12:00;SP;116;204.0;ARUJA;Falta de atenção;Colisão traseira;Com Vítimas Feridas;Pleno dia;Decrescente;Ceu Claro;Múltipla;Reta;Urbano;2;2
83390258;2015-08-28;Sexta;04:30:00;SP;116;225.9;SAO PAULO;Outras;Incêndio;Sem Vítimas;Plena noite;Crescente;Ceu Claro;Múltipla;Reta;Urbano;1;1
83390277;2015-08-30;Domingo;18:26:00;SP;116;117.8;TAUBATE;Outras;Colisão lateral;Com Vítimas Feridas;Plena noite;Decrescente;Ceu Claro;Dupla;Reta;Rural;3;2
83390392;2015-02-11;Quarta;14:24:00;SP;116;100.2;PINDAMONHANGABA;Não guardar distância de segurança;Colisão traseira;Sem Vítimas;Pleno dia;Crescente;Sol;Dupla;Reta;Rural;2;2
83390523;2015-08-26;Quarta;14:10:00;SP;116;167.3;JACAREI;Não guardar distância de segurança;Colisão lateral;Sem Vítimas;Pleno dia;Decrescente;Ceu Claro;Múltipla;Reta;Rural;2;2
83390541;2015-08-30;Domingo;06:25:00;SP;116;210.5;GUARULHOS;Dormindo;Capotamento;Sem Vítimas;Amanhecer;Decrescente;Ceu Claro;Múltipla;Reta;Urbano;1;1
83390590;2015-08-31;Segunda;20:05:00;SP;116;227.0;GUARULHOS;Outras;Atropelamento de pessoa;Com Vítimas Feridas;Plena noite;Decrescente;Ceu Claro;Múltipla;Reta;Urbano;2;1
83390618;2015-08-31;Segunda;16:30:00;SP;116;217.3;GUARULHOS;Outras;Colisão traseira;Sem Vítimas;Pleno dia;Decrescente;Ceu Claro;Múltipla;Reta;Urbano;2;2
83390662;2015-08-28;Sexta;17:30:00;SP;116;213.0;GUARULHOS;Falta de atenção;Colisão com objeto fixo;Sem Vítimas;Pleno dia;Decrescente;Ceu Claro;Múltipla;Reta;Urbano;2;2
83390921;2015-08-28;Sexta;22:00:00;SP;116;121.6;CACAPAVA;Outras;Saída de Pista;Sem Vítimas;Plena noite;Decrescente;Nublado;Dupla;Reta;Rural;1;1
83390933;2015-08-28;Sexta;17:30:00;SP;116;116.0;TAUBATE;Não guardar distância de segurança;Colisão traseira;Com Vítimas Feridas;Anoitecer;Decrescente;Nublado;Dupla;Reta;Urbano;2;2
83390943;2015-08-31;Segunda;05:20:00;SP;116;201.5;ARUJA;Falta de atenção;Atropelamento de pessoa;Com Vítimas Feridas;Plena noite;Crescente;Ceu Claro;Dupla;Reta;Urbano;2;1
83390967;2015-09-02;Quarta;07:00:00;SP;116;210.0;GUARULHOS;Outras;Colisão lateral;Com Vítimas Feridas;Pleno dia;Decrescente;Nublado;Simples;Reta;Urbano;3;3