id;data_inversa;dia_semana;horario;uf;br;km;municipio;causa_acidente;tipo_acidente;classificacao_acidente;fase_dia;sentido_via;condicao_metereologica;tipo_pista;tracado_via;uso_solo;pessoas;veiculos
83403648;2015-10-14;Quarta;13:30:00;SP;116;221.0;GUARULHOS;Não guardar distância de segurança;Colisão lateral;Com Vítimas Feridas;Pleno dia;Crescente;Ceu Claro;Simples;Reta;Urbano;2;2
83403662;2015-10-14;Quarta;08:15:00;SP;116;172.3;JACAREI;Falta de atenção;Colisão lateral;Com Vítimas Feridas;Pleno dia;Crescente;Ceu Claro;Dupla;Reta;Rural;2;2
83403855;2015-10-15;Quinta;08:44:00;SP;116;146.6;SAO JOSE DOS CAMPOS;Outras;Colisão com objeto móvel;Com Vítimas Feridas;Plena noite;Decrescente;Ceu Claro;Dupla;Reta;Urbano;1;1
83403937;2015-10-12;Segunda;20:14:00;SP;116;111.9;TAUBATE;Outras;Saída de Pista;Sem Vítimas;Plena noite;Crescente;Ceu Claro;Dupla;Reta;Urbano;2;2
83404119;2015-10-16;Sexta;06:25:00;SP;116;211.0;GUARULHOS;Velocidade incompatível;Colisão lateral;Com Vítimas Feridas;Amanhecer;Crescente;Nublado;Múltipla;Reta;Urbano;3;2
83404152;2015-10-16;Sexta;15:40:00;SP;116;104.0;PINDAMONHANGABA;Falta de atenção;Colisão traseira;Sem Vítimas;Pleno dia;Decrescente;Ceu Claro;Dupla;Reta;Urbano;4;4
83404188;2015-10-16;Sexta;06:21:00;SP;116;188.0;SANTA ISABEL;Outras;Saída de Pista;Com Vítimas Feridas;Pleno dia;Crescente;Ceu Claro;Dupla;Reta;Rural;1;1
83404234;2015-10-18;Domingo;22:15:00;SP;116;182.0;SANTA ISABEL;Falta de atenção;Colisão traseira;Com Vítimas Feridas;Plena noite;Decrescente;Nublado;Dupla;Reta;Urbano;3;2
83404246;2015-10-16;Sexta;08:40:00;SP;116;145.0;SAO JOSE DOS CAMPOS;Falta de atenção;Colisão lateral;Sem Vítimas;Pleno dia;Crescente;Sol;Dupla;Reta;Urbano;2;2
83404273;2015-10-16;Sexta;19:20:00;SP;116;218.0;GUARULHOS;Outras;Colisão com objeto fixo;Com Vítimas Feridas;Plena noite;Crescente;Ceu Claro;Múltipla;Reta;Urbano;3;2
83404278;2015-10-19;Segunda;18:50:00;SP;116;109.3;TAUBATE;Outras;Queda de motocicleta / bicicleta / veículo;Sem Vítimas;Anoitecer;Decrescente;Ceu Claro;Dupla;Reta;Urbano;1;1
83404361;2015-10-19;Segunda;18:00:00;SP;116;159.0;JACAREI;Não guardar distância de segurança;Colisão traseira;Sem Vítimas;Pleno dia;Decrescente;Ceu Claro;Dupla;Reta;Urbano;3;3
83404384;2015-10-17;Sábado;07:30:00;SP;116;165.0;JACAREI;Outras;Colisão traseira;Com Vítimas Feridas;Pleno dia;Decrescente;Ceu Claro;Múltipla;Reta;Rural;4;2
83404420;2015-10-20;Terça;07:50:00;SP;116;150.5;SAO JOSE DOS CAMPOS;Outras;Colisão lateral;Com Vítimas Feridas;Pleno dia;Crescente;Ceu Claro;Dupla;Reta;Urbano;2;2
83404498;2015-10-18;Domingo;19:30:00;SP;116;130.5;CACAPAVA;Outras;Atropelamento de pessoa;Com Vítimas Fatais;Plena noite;Crescente;Ceu Claro;Dupla;Reta;Urbano;2;1
83404563;2015-10-20;Terça;23:40:00;SP;116;191.3;SANTA ISABEL;Outras;Colisão com objeto fixo;Com Vítimas Feridas;Plena noite;Decrescente;Ceu Claro;Dupla;Reta;Rural;3;3
83404572;2015-10-21;Quarta;01:00:00;SP;116;212.5;GUARULHOS;Outras;Saída de Pista;Com Vítimas Feridas;Plena noite;Decrescente;Ceu Claro;Múltipla;Reta;Urbano;2;2
83404668;2015-10-15;Quinta;05:40:00;SP;116;116.0;TAUBATE;Outras;Queda de motocicleta / bicicleta / veículo;Com Vítimas Feridas;Amanhecer;Crescente;Ceu Claro;Simples;Reta;Rural;1;1
83404688;2015-10-21;Quarta;08:40:00;SP;116;219.0;GUARULHOS;Falta de atenção;Colisão traseira;Com Vítimas Feridas;Pleno dia;Crescente;Nublado;Múltipla;Reta;Urbano;2;2
83404767;2015-08-18;Terça;19:10:00;SP;116;229.0;SAO PAULO;Falta de atenção;Colisão traseira;Com Vítimas Feridas;Plena noite;Decrescente;Ceu Claro;Múltipla;Reta;Urbano;3;3
83404780;2015-10-18;Domingo;18:50:00;SP;116;212.0;GUARULHOS;Outras;Colisão lateral;Sem Vítimas;Plena noite;Crescente;Ceu Claro;Múltipla;Reta;Urbano;2;2
83404783;2015-10-18;Domingo;23:10:00;SP;116;218.0;GUARULHOS;Outras;Colisão traseira;Sem Vítimas;Plena noite;Crescente;Ceu Claro;Múltipla;Reta;Urbano;2;2
83404790;2015-10-18;Domingo;23:30:00;SP;116;218.0;GUARULHOS;Ingestão de álcool;Colisão com objeto fixo;Com Vítimas Feridas;Plena noite;Crescente;Ceu Claro;Múltipla;Reta;Urbano;3;1
83404886;2015-10-21;Quarta;06:45:00;SP;116;219.0;GUARULHOS;Outras;Colisão lateral;Com Vítimas Feridas;Pleno dia;Crescente;Ceu Claro;Múltipla;Reta;Urbano;2;2
83404893;2015-10-20;Terça;06:15:00;SP;116;220.0;GUARULHOS;Velocidade incompatível;Colisão com objeto fixo;Com Vítimas Feridas;Pleno dia;Crescente;Nublado;Múltipla;Reta;Urbano;2;1
83404898;2015-10-19;Segunda;15:30:00;SP;116;223.0;GUARULHOS;Não guardar distância de segurança;Colisão traseira;Sem Vítimas;Pleno dia;Decrescente;Ceu Claro;Múltipla;Reta;Urbano;2;2
83404933;2015-10-22;Quinta;09:28:00;SP;116;113.3;TAUBATE;Outras;Tombamento;Com Vítimas Feridas;Pleno dia;Crescente;Nublado;Dupla;Reta;Urbano;4;4
83404969;2015-10-21;Quarta;23:20:00;SP;116;224.0;GUARULHOS;Outras;Capotamento;Sem Vítimas;Pleno dia;Crescente;Chuva;Múltipla;Reta;Urbano;1;1
83404977;2015-10-15;Quinta;23:30:00;SP;116;116.3;TAUBATE;Outras;Queda de motocicleta / bicicleta / veículo;Com Vítimas Feridas;Plena noite;Decrescente;Ceu Claro;Dupla;Reta;Rural;1;1
83405032;2015-10-22;Quinta;10:30:00;SP;116;229.0;SAO PAULO;Outras;Queda de motocicleta / bicicleta / veículo;Com Vítimas Feridas;Pleno dia;Crescente;Chuva;Múltipla;Reta;Urbano;2;2
83405132;2015-10-23;Sexta;04:30:00;SP;116;227.5;SAO PAULO;Falta de atenção;Colisão traseira;Sem Vítimas;Plena noite;Crescente;Ignorada;Múltipla;Reta;Urbano;2;2
83405144;2015-10-23;Sexta;07:30:00;SP;116;162.0;JACAREI;Falta de atenção;Colisão traseira;Com Vítimas Feridas;Pleno dia;Crescente;Nublado;Dupla;Reta;Urbano;2;2
83405160;2015-10-19;Segunda;17:10:00;SP;116;146.3;SAO JOSE DOS CAMPOS;Falta de atenção;Colisão traseira;Sem Vítimas;Pleno dia;Crescente;Ceu Claro;Múltipla;Reta;Rural;2;2
83405178;2015-10-20;Terça;07:00:00;SP;116;122.0;CACAPAVA;Outras;Colisão com objeto móvel;Sem Vítimas;Pleno dia;Decrescente;Nublado;Dupla;Reta;Rural;1;1
83405184;2015-10-19;Segunda;18:15:00;SP;116;222.0;GUARULHOS;Falta de atenção;Colisão lateral;Sem Vítimas;Pleno dia;Decrescente;Ceu Claro;Múltipla;Reta;Urbano;2;2
83405196;2015-10-18;Domingo;11:40:00;SP;116;173.0;JACAREI;Outras;Capotamento;Com Vítimas Feridas;Pleno dia;Crescente;Ceu Claro;Dupla;Reta;Rural;2;1
83405238;2015-10-16;Sexta;22:15:00;SP;116;125.4;CACAPAVA;Defeito mecânico em veículo;Queda de motocicleta / bicicleta / veículo;Com Vítimas Feridas;Plena noite;Crescente;Ceu Claro;Dupla;Reta;Urbano;2;1
83405255;2015-10-23;Sexta;15:10:00;SP;116;219.0;GUARULHOS;Falta de atenção;Colisão lateral;Sem Vítimas;Pleno dia;Crescente;Nublado;Dupla;Cruzamento;Urbano;2;2
83405290;2015-10-23;Sexta;15:30:00;SP;116;224.5;GUARULHOS;Outras;Colisão traseira;Sem Vítimas;Pleno dia;Crescente;Ceu Claro;Múltipla;Reta;Urbano;2;2
83405297;2015-10-23;Sexta;18:15:00;SP;116;114.0;TAUBATE;Não guardar distância de segurança;Colisão traseira;Sem Vítimas;Anoitecer;Crescente;Ceu Claro;Dupla;Reta;Urbano;6;6
83405334;2015-10-23;Sexta;18:00:00;SP;116;225.0;GUARULHOS;Não guardar distância de segurança;Colisão traseira;Com Vítimas Feridas;Anoitecer;Decrescente;Nublado;Múltipla;Reta;Urbano;2;2
83405370;2015-10-20;Terça;04:20:00;SP;116;200.0;ARUJA;Dormindo;Tombamento;Sem Vítimas;Plena noite;Decrescente;Ceu Claro;Dupla;Reta;Rural;1;1
83405452;2015-06-23;Terça;10:50:00;SP;116;219.0;GUARULHOS;Não guardar distância de segurança;Colisão traseira;Com Vítimas Feridas;Pleno dia;Decrescente;Sol;Múltipla;Reta;Urbano;3;3
83405462;2015-10-20;Terça;23:00:00;SP;116;215.0;GUARULHOS;Outras;Colisão lateral;Com Vítimas Feridas;Plena noite;Decrescente;Nublado;Múltipla;Reta;Urbano;4;4
83405513;2015-10-24;Sábado;02:50:00;SP;116;169.0;JACAREI;Outras;Colisão traseira;Com Vítimas Feridas;Plena noite;Crescente;Nublado;Dupla;Reta;Urbano;2;2
83405561;2015-10-24;Sábado;19:30:00;SP;116;111.5;TAUBATE;Outras;Colisão com objeto fixo;Com Vítimas Feridas;Plena noite;Crescente;Nublado;Dupla;Reta;Rural;1;1
83405584;2015-10-24;Sábado;20:00:00;SP;116;154.1;SAO JOSE DOS CAMPOS;Outras;Colisão com objeto fixo;Ignorado;Plena noite;Decrescente;Ceu Claro;Dupla;Reta;Urbano;1;1
83405606;2015-10-21;Quarta;06:15:00;SP;116;225.0;GUARULHOS;Outras;Colisão com objeto móvel;Com Vítimas Feridas;Amanhecer;Crescente;Ceu Claro;Múltipla;Reta;Urbano;2;2
83405617;2015-10-24;Sábado;23:40:00;SP;116;210.0;GUARULHOS;Velocidade incompatível;Colisão traseira;Sem Vítimas;Plena noite;Crescente;Nublado;Múltipla;Reta;Urbano;3;2
83405667;2015-10-25;Domingo;03:30:00;SP;116;205.0;GUARULHOS;Outras;Atropelamento de pessoa;Com Vítimas Feridas;Plena noite;Decrescente;Nublado;Múltipla;Reta;Urbano;2;1
83405768;2015-10-21;Quarta;17:50:00;SP;116;219.0;GUARULHOS;Falta de atenção;Colisão traseira;Com Vítimas Feridas;Pleno dia;Decrescente;Sol;Múltipla;Reta;Urbano;2;2
83405883;2015-10-25;Domingo;17:30:00;SP;116;225.6;GUARULHOS;Outras;Colisão lateral;Sem Vítimas;Pleno dia;Crescente;Ceu Claro;Múltipla;Reta;Urbano;2;2
83405907;2015-10-25;Domingo;01:40:00;SP;116;215.0;GUARULHOS;Ingestão de álcool;Capotamento;Com Vítimas Fatais;Plena noite;Decrescente;Ceu Claro;Múltipla;Reta;Urbano;4;2
83405950;2015-10-21;Quarta;05:40:00;SP;116;220.4;GUARULHOS;Falta de atenção;Colisão lateral;Com Vítimas Feridas;Pleno dia;Crescente;Nublado;Múltipla;Reta;Urbano;4;3
83405983;2015-10-22;Quinta;18:30:00;SP;116;165.0;JACAREI;Outras;Colisão traseira;Com Vítimas Fatais;Anoitecer;Decrescente;Chuva;Múltipla;Reta;Rural;3;2
83406261;2015-10-26;Segunda;07:10:00;SP;116;146.4;SAO JOSE DOS CAMPOS;Falta de atenção;Colisão lateral;Sem Vítimas;Pleno dia;Decrescente;Nublado;Múltipla;Reta;Rural;2;2
83406291;2015-10-26;Segunda;06:20:00;SP;116;219.0;GUARULHOS;Outras;Queda de motocicleta / bicicleta / veículo;Com Vítimas Feridas;Amanhecer;Crescente;Chuva;Múltipla;Reta;Urbano;1;1
83406328;2015-10-24;Sábado;05:10:00;SP;116;152.8;SAO JOSE DOS CAMPOS;Falta de atenção;Colisão traseira;Com Vítimas Feridas;Amanhecer;Decrescente;Ceu Claro;Dupla;Reta;Urbano;2;2
83406357;2015-10-23;Sexta;07:00:00;SP;116;220.0;GUARULHOS;Outras;Colisão traseira;Com Vítimas Feridas;Pleno dia;Crescente;Ceu Claro;Múltipla;Reta;Urbano;2;2
83406410;2015-10-27;Terça;16:30:00;SP;116;220.0;GUARULHOS;Outras;Colisão traseira;Com Vítimas Feridas;Pleno dia;Decrescente;Nublado;Múltipla;Reta;Urbano;3;3
83406438;2015-10-23;Sexta;18:10:00;SP;116;149.0;SAO JOSE DOS CAMPOS;Falta de atenção;Colisão traseira;Sem Vítimas;Anoitecer;Crescente;Ceu Claro;Dupla;Reta;Urbano;3;3
83406457;2015-10-23;Sexta;15:35:00;SP;116;219.0;GUARULHOS;Não guardar distância de segurança;Colisão traseira;Com Vítimas Feridas;Pleno dia;Decrescente;Ceu Claro;Simples;Reta;Rural;2;2
83406516;2015-10-22;Quinta;16:00:00;SP;116;227.8;SAO PAULO;Outras;Colisão traseira;Sem Vítimas;Pleno dia;Decrescente;Chuva;Simples;Reta;Urbano;2;2
83406592;2015-10-28;Quarta;16:00:00;SP;116;211.0;GUARULHOS;Falta de atenção;Colisão com objeto fixo;Sem Vítimas;Pleno dia;Crescente;Sol;Múltipla;Reta;Urbano;2;2
83406602;2015-10-25;Domingo;02:20:00;SP;116;215.0;GUARULHOS;Outras;Colisão com objeto fixo;Sem Vítimas;Plena noite;Decrescente;Ceu Claro;Múltipla;Reta;Urbano;1;1
83406604;2015-10-27;Terça;19:40:00;SP;116;148.0;SAO JOSE DOS CAMPOS;Não guardar distância de segurança;Colisão traseira;Com Vítimas Feridas;Plena noite;Decrescente;Nublado;Dupla;Reta;Urbano;4;3
83406683;2015-10-25;Domingo;19:00:00;SP;116;145.7;SAO JOSE DOS CAMPOS;Outras;Colisão traseira;Sem Vítimas;Plena noite;Decrescente;Nublado;Dupla;Reta;Urbano;2;2
83406694;2015-10-25;Domingo;19:30:00;SP;116;145.7;SAO JOSE DOS CAMPOS;Outras;Capotamento;Com Vítimas Feridas;Plena noite;Decrescente;Nublado;Dupla;Reta;Urbano;1;1
83406774;2015-10-26;Segunda;04:30:00;SP;116;226.0;GUARULHOS;Falta de atenção;Colisão traseira;Com Vítimas Feridas;Amanhecer;Decrescente;Ceu Claro;Múltipla;Reta;Urbano;2;2
83406852;2015-10-25;Domingo;22:50:00;SP;116;198.0;ARUJA;Velocidade incompatível;Capotamento;Sem Vítimas;Plena noite;Decrescente;Nublado;Simples;Curva;Urbano;1;1
83406922;2015-10-29;Quinta;18:30:00;SP;116;218.0;GUARULHOS;Outras;Colisão lateral;Com Vítimas Feridas;Anoitecer;Decrescente;Nublado;Múltipla;Reta;Urbano;2;2
83406939;2015-10-28;Quarta;14:30:00;SP;116;225.5;GUARULHOS;Outras;Colisão com objeto fixo;Ignorado;Pleno dia;Crescente;Ceu Claro;Múltipla;Reta;Urbano;1;1
83406942;2015-10-26;Segunda;08:51:00;SP;116;217.0;GUARULHOS;Outras;Colisão traseira;Sem Vítimas;Pleno dia;Crescente;Ceu Claro;Múltipla;Reta;Urbano;2;2
83406961;2015-10-29;Quinta;18:34:00;SP;116;218.0;GUARULHOS;Não guardar distância de segurança;Colisão traseira;Com Vítimas Feridas;Pleno dia;Crescente;Ceu Claro;Múltipla;Reta;Urbano;2;2
83406986;2015-10-29;Quinta;10:58:00;SP;116;204.0;ARUJA;Outras;Colisão traseira;Sem Vítimas;Pleno dia;Decrescente;Sol;Dupla;Reta;Urbano;2;2
83406993;2015-10-29;Quinta;22:20:00;SP;116;212.5;GUARULHOS;Outras;Colisão lateral;Com Vítimas Feridas;Plena noite;Decrescente;Nublado;Múltipla;Reta;Urbano;2;2
83407098;2015-10-30;Sexta;07:20:00;SP;116;111.8;TAUBATE;Não guardar distância de segurança;Colisão lateral;Com Vítimas Feridas;Pleno dia;Crescente;Ceu Claro;Dupla;Reta;Urbano;2;2
83407133;2015-10-28;Quarta;17:35:00;SP;116;145.7;SAO JOSE DOS CAMPOS;Não guardar distância de segurança;Colisão lateral;Com Vítimas Feridas;Pleno dia;Decrescente;Ceu Claro;Dupla;Reta;Urbano;3;2
83407140;2015-10-27;Terça;21:00:00;SP;116;217.0;GUARULHOS;Falta de atenção;Colisão lateral;Com Vítimas Feridas;Plena noite;Decrescente;Ceu Claro;Múltipla;Cruzamento;Urbano;5;3
83407183;2015-10-30;Sexta;16:48:00;SP;116;102.2;PINDAMONHANGABA;Falta de atenção;Colisão lateral;Com Vítimas Feridas;Pleno dia;Decrescente;Ceu Claro;Dupla;Reta;Urbano;2;2
83407208;2015-10-30;Sexta;17:50:00;SP;116;104.0;TAUBATE;Não guardar distância de segurança;Colisão traseira;Sem Vítimas;Pleno dia;Crescente;Ceu Claro;Dupla;Reta;Urbano;2;2
83407215;2015-10-30;Sexta;14:25:00;SP;116;109.7;TAUBATE;Outras;Atropelamento de pessoa;Com Vítimas Fatais;Pleno dia;Crescente;Ceu Claro;Dupla;Reta;Urbano;2;1
83407299;2015-10-30;Sexta;23:20:00;SP;116;223.0;GUARULHOS;Não guardar distância de segurança;Colisão traseira;Sem Vítimas;Plena noite;Decrescente;Nublado;Múltipla;Reta;Urbano;3;3
83407326;2015-10-30;Sexta;08:45:00;SP;116;228.1;SAO PAULO;Outras;Colisão traseira;Com Vítimas Feridas;Pleno dia;Crescente;Sol;Múltipla;Reta;Urbano;2;2
83407350;2015-10-30;Sexta;21:10:00;SP;116;161.0;JACAREI;Falta de atenção;Queda de motocicleta / bicicleta / veículo;Com Vítimas Feridas;Plena noite;Crescente;Ceu Claro;Dupla;Reta;Urbano;1;1
83407428;2015-10-27;Terça;07:30:00;SP;116;139.0;SAO JOSE DOS CAMPOS;Falta de atenção;Atropelamento de pessoa;Com Vítimas Fatais;Amanhecer;Crescente;Ceu Claro;Simples;Reta;Rural;3;2
83407452;2015-10-31;Sábado;09:45:00;SP;116;134.9;SAO JOSE DOS CAMPOS;Não guardar distância de segurança;Colisão traseira;Com Vítimas Feridas;Pleno dia;Decrescente;Sol;Dupla;Reta;Rural;5;4
83407487;2015-10-31;Sábado;14:30:00;SP;116;213.8;GUARULHOS;Desobediência à sinalização;Atropelamento de pessoa;Com Vítimas Feridas;Pleno dia;Decrescente;Nublado;Múltipla;Reta;Urbano;2;1
83407645;2015-10-31;Sábado;17:00:00;SP;116;136.0;SAO JOSE DOS CAMPOS;Velocidade incompatível;Colisão traseira;Sem Vítimas;Pleno dia;Crescente;Ceu Claro;Simples;Reta;Rural;2;2
83407659;2015-10-29;Quinta;06:45:00;SP;116;225.4;GUARULHOS;Outras;Queda de motocicleta / bicicleta / veículo;Com Vítimas Feridas;Pleno dia;Decrescente;Chuva;Múltipla;Curva;Urbano;1;1
83407703;2015-10-30;Sexta;16:00:00;SP;116;146.0;SAO JOSE DOS CAMPOS;Não guardar distância de segurança;Colisão traseira;Sem Vítimas;Pleno dia;Decrescente;Ceu Claro;Múltipla;Reta;Rural;3;3
83407704;2015-10-30;Sexta;17:45:00;SP;116;148.0;SAO JOSE DOS CAMPOS;Falta de atenção;Colisão traseira;Com Vítimas Feridas;Pleno dia;Crescente;Ceu Claro;Múltipla;Reta;Rural;2;2
83407705;2015-10-30;Sexta;18:00:00;SP;116;148.0;SAO JOSE DOS CAMPOS;Falta de atenção;Colisão traseira;Com Vítimas Feridas;Pleno dia;Decrescente;Ceu Claro;Múltipla;Reta;Rural;3;3
83407779;2015-10-30;Sexta;03:00:00;SP;116;169.0;JACAREI;Não guardar distância de segurança;Derramamento de Carga;Com Vítimas Feridas;Plena noite;Crescente;Ceu Claro;Dupla;Reta;Rural;2;2
83407798;2015-11-01;Domingo;15:10:00;SP;116;146.0;SAO JOSE DOS CAMPOS;Falta de atenção;Queda de motocicleta / bicicleta / veículo;Com Vítimas Feridas;Pleno dia;Decrescente;Nublado;Dupla;Reta;Urbano;4;4
83407877;2015-11-02;Segunda;01:00:00;SP;116;207.0;GUARULHOS;Outras;Capotamento;Sem Vítimas;Plena noite;Crescente;Chuva;Múltipla;Reta;Urbano;1;1
83407885;2015-11-02;Segunda;02:00:00;SP;116;212.0;GUARULHOS;Outras;Saída de Pista;Com Vítimas Feridas;Plena noite;Crescente;Chuva;Múltipla;Reta;Urbano;2;1
83407989;2015-10-29;Quinta;11:40:00;SP;116;224.0;GUARULHOS;Não guardar distância de segurança;Colisão lateral;Com Vítimas Feridas;Pleno dia;Crescente;Nublado;Simples;Reta;Urbano;2;2
83408061;2015-10-30;Sexta;01:34:00;SP;116;142.6;SAO JOSE DOS CAMPOS;Outras;Atropelamento de pessoa;Com Vítimas Fatais;Plena noite;Decrescente;Nublado;Simples;Reta;Urbano;2;1
83408079;2015-10-30;Sexta;21:00:00;SP;116;221.0;GUARULHOS;Outras;Colisão traseira;Com Vítimas Feridas;Plena noite;Decrescente;Nublado;Múltipla;Reta;Urbano;4;3
83408094;2015-10-31;Sábado;00:05:00;SP;116;215.0;GUARULHOS;Outras;Colisão traseira;Com Vítimas Feridas;Plena noite;Decrescente;Nublado;Simples;Reta;Urbano;3;3
83408115;2015-11-02;Segunda;14:45:00;SP;116;212.0;GUARULHOS;Ingestão de álcool;Saída de Pista;Com Vítimas Feridas;Pleno dia;Decrescente;Nublado;Múltipla;Reta;Urbano;3;2
83408128;2015-11-02;Segunda;18:40:00;SP;116;109.0;TAUBATE;Não guardar distância de segurança;Colisão traseira;Com Vítimas Feridas;Anoitecer;Crescente;Nublado;Dupla;Reta;Urbano;5;2
83408310;2015-11-03;Terça;10:50:00;SP;116;135.7;SAO JOSE DOS CAMPOS;Defeito mecânico em veículo;Tombamento;Sem Vítimas;Pleno dia;Decrescente;Nublado;Dupla;Reta;Urbano;1;1
83408475;2015-10-30;Sexta;09:35:00;SP;116;224.0;GUARULHOS;Outras;Colisão lateral;Com Vítimas Feridas;Plena noite;Crescente;Ceu Claro;Múltipla;Reta;Urbano;2;2
83408525;2015-11-04;Quarta;03:00:00;SP;116;183.5;SANTA ISABEL;Dormindo;Colisão traseira;Com Vítimas Feridas;Amanhecer;Crescente;Ceu Claro;Dupla;Reta;Urbano;2;2
83408614;2015-11-03;Terça;07:05:00;SP;116;206.0;GUARULHOS;Falta de atenção;Colisão com bicicleta;Com Vítimas Feridas;Pleno dia;Decrescente;Chuva;Dupla;Reta;Urbano;2;2
83408656;2015-11-01;Domingo;07:10:00;SP;116;146.0;SAO JOSE DOS CAMPOS;Outras;Queda de motocicleta / bicicleta / veículo;Com Vítimas Feridas;Pleno dia;Crescente;Nublado;Dupla;Reta;Urbano;2;1
83408686;2015-10-31;Sábado;16:00:00;SP;116;220.0;GUARULHOS;Ingestão de álcool;Queda de motocicleta / bicicleta / veículo;Com Vítimas Feridas;Pleno dia;Decrescente;Ceu Claro;Múltipla;Reta;Urbano;1;1
83408742;2015-11-04;Quarta;22:00:00;SP;116;226.4;GUARULHOS;Falta de atenção;Colisão traseira;Sem Vítimas;Plena noite;Decrescente;Chuva;Múltipla;Reta;Urbano;2;2
83408779;2015-11-05;Quinta;01:02:00;SP;116;201.2;ARUJA;Ultrapassagem indevida;Colisão com objeto fixo;Com Vítimas Feridas;Plena noite;Decrescente;Chuva;Simples;Curva;Urbano;1;1
83408830;2015-11-01;Domingo;17:10:00;SP;116;136.5;SAO JOSE DOS CAMPOS;Outras;Capotamento;Com Vítimas Feridas;Pleno dia;Crescente;Chuva;Dupla;Reta;Rural;1;1
83408856;2015-11-05;Quinta;09:10:00;SP;116;229.0;SAO PAULO;Não guardar distância de segurança;Colisão traseira;Com Vítimas Feridas;Pleno dia;Crescente;Nublado;Múltipla;Reta;Urbano;3;2
83409017;2015-11-05;Quinta;09:15:00;SP;116;157.0;JACAREI;Outras;Colisão lateral;Sem Vítimas;Pleno dia;Crescente;Ceu Claro;Dupla;Reta;Urbano;2;2
83409039;2015-11-05;Quinta;19:30:00;SP;116;145.0;SAO JOSE DOS CAMPOS;Outras;Queda de motocicleta / bicicleta / veículo;Com Vítimas Feridas;Plena noite;Decrescente;Ceu Claro;Dupla;Reta;Urbano;1;1
83409042;2015-11-05;Quinta;21:50:00;SP;116;172.4;JACAREI;Falta de atenção;Colisão com objeto fixo;Sem Vítimas;Plena noite;Crescente;Ceu Claro;Dupla;Reta;Rural;1;1
83409073;2015-11-05;Quinta;22:00:00;SP;116;229.0;SAO PAULO;Outras;Atropelamento de pessoa;Sem Vítimas;Plena noite;Decrescente;Nublado;Múltipla;Reta;Urbano;2;1
83409082;2015-11-05;Quinta;23:00:00;SP;116;226.0;GUARULHOS;Outras;Colisão com objeto móvel;Com Vítimas Feridas;Plena noite;Crescente;Nublado;Múltipla;Reta;Urbano;1;1
83409138;2015-11-04;Quarta;08:22:00;SP;116;204.0;ARUJA;Velocidade incompatível;Colisão traseira;Sem Vítimas;Pleno dia;Crescente;Ceu Claro;Múltipla;Reta;Urbano;2;2
83409181;2015-11-06;Sexta;08:30:00;SP;116;107.9;TAUBATE;Velocidade incompatível;Colisão com objeto fixo;Sem Vítimas;Pleno dia;Crescente;Chuva;Dupla;Reta;Urbano;1;1
83409185;2015-11-02;Segunda;10:00:00;SP;116;189.0;SANTA ISABEL;Outras;Saída de Pista;Sem Vítimas;Pleno dia;Decrescente;Ceu Claro;Dupla;Reta;Rural;1;1
83409254;2015-11-06;Sexta;18:25:00;SP;116;219.0;GUARULHOS;Outras;Saída de Pista;Sem Vítimas;Anoitecer;Crescente;Nublado;Múltipla;Reta;Urbano;3;1
83409279;2015-11-02;Segunda;18:20:00;SP;116;212.0;GUARULHOS;Outras;Capotamento;Sem Vítimas;Pleno dia;Crescente;Chuva;Simples;Reta;Urbano;1;1
83409463;2015-11-07;Sábado;11:05:00;SP;116;221.0;GUARULHOS;Outras;Colisão traseira;Com Vítimas Feridas;Pleno dia;Decrescente;Ceu Claro;Simples;Reta;Urbano;3;2
83409495;2015-11-06;Sexta;18:25:00;SP;116;167.0;JACAREI;Outras;Colisão com objeto móvel;Sem Vítimas;Pleno dia;Crescente;Nublado;Dupla;Reta;Rural;1;1
83409496;2015-11-07;Sábado;15:50:00;SP;116;122.2;CACAPAVA;Animais na Pista;Colisão traseira;Com Vítimas Feridas;Pleno dia;Crescente;Chuva;Dupla;Reta;Rural;4;2
83409515;2015-11-07;Sábado;13:20:00;SP;116;217.0;GUARULHOS;Outras;Colisão traseira;Sem Vítimas;Pleno dia;Decrescente;Nublado;Dupla;Reta;Urbano;2;2
83409521;2015-11-07;Sábado;00:30:00;SP;116;150.0;SAO JOSE DOS CAMPOS;Outras;Colisão com objeto fixo;Com Vítimas Feridas;Plena noite;Crescente;Nublado;Dupla;Reta;Urbano;1;1
83409673;2015-11-04;Quarta;19:00:00;SP;116;142.0;SAO JOSE DOS CAMPOS;Ingestão de álcool;Colisão lateral;Sem Vítimas;Anoitecer;Decrescente;Chuva;Dupla;Reta;Urbano;2;2